,id,oskar,alt_loci_count,chromosome_count,contig_count,contig_l50,contig_n50,non_chromosome_replicon_count,scaffold_count,scaffold_l50,scaffold_n50,total_length,ungapped_length,contigNumberperLength,scaffoldNumberperLength
0,GCF_003285875.2,found,0,0,269,18,3158326,0,269,18,3158326,177223868,177223868,1.5178542429736383e-06,1.5178542429736383e-06
1,GCF_006496715.1,found,0,0,5556,434,1184735,1,2197,13,55702539,2538387871,2536708371,2.188790792563632e-06,8.655099660299315e-07
2,GCF_003285725.1,found,0,0,267,8,7854782,0,267,8,7854782,247077949,247077949,1.0806306312668962e-06,1.0806306312668962e-06
3,GCF_003285905.1,found,0,0,217,9,3367158,0,217,9,3367158,153741574,153741574,1.4114594663900086e-06,1.4114594663900086e-06
4,GCF_005508785.1,not found,0,4,68187,4765,25858,1,21920,2,132544852,541137574,499739063,0.00012600677401861582,4.0507259250121855e-05
5,GCF_005281655.1,found,0,0,3809,169,320712,0,2869,131,443094,375107333,373278423,1.0154426919721136e-05,7.648477509236003e-06
6,GCF_001412515.2,found,0,0,24825,2303,45480,0,3313,124,657001,384371871,360538188,6.458589161432159e-05,8.61925715682769e-06
7,GCF_001654015.2,found,0,0,22848,1317,26679,0,13813,80,389283,147357603,146227081,0.00015505138204507845,9.373795256427998e-05
8,GCF_000188095.3,not found,0,0,16060,1125,59072,0,5460,54,1399493,246856484,241984753,6.505804400908506e-05,2.2118114588393797e-05
9,GCF_004193835.1,not found,0,0,7965,274,474742,1,7722,230,564364,437294469,437288243,1.821427107965548e-05,1.76585814534965e-05
10,GCF_003260585.2,found,0,0,23323,3283,21277,0,9622,7,15645999,259040147,257117330,9.00362367382381e-05,3.7144821416427006e-05
11,GCF_004153925.1,not found,0,0,10481,114,454559,0,10222,96,607766,210591136,210559567,4.9769426192752955e-05,4.853955486521522e-05
12,GCF_003676215.2,not found,0,4,689,10,9046396,0,220,2,93298903,326023155,325976255,2.1133468265467216e-06,6.747986964300128e-07
13,GCF_004010815.1,not found,0,0,12178,971,77071,1,4718,195,437960,294278726,278291138,4.1382536092670186e-05,1.6032419550436684e-05
14,GCF_003987935.1,not found,0,0,5078,385,322127,1,3105,43,2789315,398588931,396004079,1.273994234425943e-05,7.789980499985334e-06
15,GCF_003013835.1,not found,0,0,585680,84252,6238,0,87712,1128,489108,2418073815,1850692199,0.00024220931402790945,3.6273499781477925e-05
16,GCF_003286085.1,found,0,0,432,7,5212974,0,432,7,5212974,195512972,195512972,2.2095720584719054e-06,2.2095720584719054e-06
17,GCF_003286155.1,found,0,0,94,3,22146549,0,94,3,22146549,146538397,146538397,6.414700987891932e-07,6.414700987891932e-07
18,GCF_003672135.1,found,0,14,535,19,3735272,0,139,6,16888278,223876465,223836865,2.3897107719652444e-06,6.208781258003158e-07
19,GCF_003651465.1,found,0,0,31404,2954,24299,0,14521,73,997654,277633851,243768110,0.00011311300796674106,5.230269993265338e-05
20,GCF_003640425.1,not found,0,0,40618,4351,22549,1,21800,18,8485610,401085026,398210999,0.00010127029773482494,5.435256513415687e-05
21,GCF_003590095.1,not found,0,28,1976,155,621965,0,1031,10,14205900,368211209,367266209,5.366485190297398e-06,2.8000233963545634e-06
22,GCF_003589595.1,not found,0,0,18849,3100,58944,0,2929,18,13520097,731440758,645378588,2.5769687830275382e-05,4.004425468453318e-06
23,GCF_003254395.2,not found,0,16,228,13,5382476,1,177,7,13619445,225250884,223937270,1.0122046846217926e-06,7.857904788511285e-07
24,GCF_000697945.2,found,0,0,34226,2907,24913,1,18479,162,438040,274989634,260445983,0.00012446287338962022,6.719889666822859e-05
25,GCF_003426905.1,not found,0,0,16481,2598,61000,0,3733,4,71713785,775452550,763826850,2.1253395839629386e-05,4.813963149647261e-06
26,GCF_000188075.2,found,0,0,87016,3899,21161,1,66904,124,621039,398994629,365820222,0.00021808814875049357,0.00016768145518069116
27,GCF_003268045.1,not found,0,0,5193,630,163055,0,1923,67,1686648,353179758,347913480,1.4703560672353142e-05,5.444819405533428e-06
28,GCF_002803265.2,not found,0,0,3172,309,275006,0,1347,25,3012626,300271876,296746011,1.0563759890719835e-05,4.485934606809464e-06
29,GCF_003227715.1,found,0,0,1092,118,911506,0,857,101,1078644,334536844,333599918,3.2642144492760267e-06,2.561750717060032e-06
30,GCF_003227725.1,found,0,0,984,56,1278439,0,657,49,1585631,284009182,282237277,3.46467671598026e-06,2.3133054902429178e-06
31,GCF_003070985.1,found,0,0,26921,1740,38942,0,18692,259,223562,303539295,293544145,8.869032920432921e-05,6.158016542800497e-05
32,GCF_002891405.2,not found,0,0,89199,4518,63940,0,55483,245,1184893,1018932804,998064252,8.754159219315899e-05,5.445206963814662e-05
33,GCF_002938995.1,not found,0,0,3875,402,254123,0,1558,28,2988984,357124929,352656569,1.08505446843225e-05,4.3626189982385686e-06
34,GCF_000648675.2,not found,0,0,2869,285,552423,1,1574,100,1637644,510848842,510407575,5.616142710175704e-06,3.0811462620482948e-06
35,GCF_000699045.2,not found,0,0,23186,3132,28329,1,3613,91,1113421,353072773,315615807,6.566918146361854e-05,1.023301788269015e-05
36,GCF_000344095.2,found,0,0,936,79,571016,0,712,46,943070,155841210,155765535,6.006113530561012e-06,4.5687530275207696e-06
37,GCF_900239965.1,not found,0,0,23759,1543,78697,0,10800,194,638282,475399557,469585362,4.997690816106503e-05,2.271773257037343e-05
38,GCF_000612105.2,found,0,0,2037,75,508621,0,1789,63,612083,186398216,186318180,1.0928216179923095e-05,9.597731343093971e-06
39,GCF_000699065.1,found,0,0,11857,961,94823,1,5858,350,275862,378290214,374716939,3.134366039931448e-05,1.5485465346983574e-05
40,GCF_000599845.2,found,0,0,1475,91,573774,0,925,33,1825723,187641947,186935496,7.860715706600507e-06,4.929601375325742e-06
41,GCF_000696795.2,not found,0,0,20771,1078,254075,1,16639,724,393089,998240896,996505068,2.0807602737205428e-05,1.666832131069092e-05
42,GCF_000390285.2,not found,0,0,26749,2230,80490,1,9867,269,678234,706968555,679807856,3.7836194850278736e-05,1.3956773508830248e-05
43,GCF_000648655.2,found,0,0,31515,3400,40744,0,4840,130,1210516,553956141,503815983,5.689078551076122e-05,8.737153795719002e-06
44,GCF_000347755.3,found,0,0,3243,140,845931,1,2355,75,1665634,436490799,435790572,7.4297098757401295e-06,5.395302731226644e-06
45,GCF_000500325.1,found,0,0,45556,3600,46596,0,26908,1179,139046,641992784,633933064,7.096029914255236e-05,4.191324368530597e-05
46,GCF_000648695.1,not found,0,0,10620,519,101202,0,5821,160,337157,267079363,261534774,3.976346161945878e-05,2.1795019782191107e-05
47,GCF_002706865.1,not found,0,31,13637,1784,68350,1,3598,143,915465,438956275,428037138,3.106687562445713e-05,8.196716176343533e-06
48,GCF_002217835.1,found,0,0,5623,395,114814,0,1935,83,472512,181868570,173181194,3.0917931559037384e-05,1.0639551407920566e-05
49,GCF_002204515.2,found,0,3,2539,30,11758062,1,2310,2,409777670,1278732104,1278709169,1.9855605345777725e-06,1.8064768943972646e-06
50,GCF_002156985.1,not found,0,0,24552,3663,23474,1,998,93,1000414,337087553,299981343,7.283567661129274e-05,2.9606551506219513e-06
51,GCF_000754195.2,found,0,6,9975,74,451931,1,7619,3,23539531,124963774,124592945,7.982313338263935e-05,6.096966949797787e-05
52,GCF_002093755.1,found,0,0,1356,38,942627,0,1356,38,942627,198035861,198035861,6.8472447018068104e-06,6.8472447018068104e-06
53,GCF_002006095.1,not found,0,0,22172,1374,38830,0,6556,190,317681,282776121,261858562,7.840831793572839e-05,2.3184418743759486e-05
54,GCF_001937115.1,found,0,0,3063,193,298879,0,3063,193,298879,234344249,234344249,1.3070514907323371e-05,1.3070514907323371e-05
55,GCF_000184785.2,not found,0,0,19342,2426,24704,1,7946,22,2863240,230485475,212810839,8.391852024514778e-05,3.447505748464193e-05
56,GCF_001856805.1,not found,0,0,14196,1301,54897,1,7349,118,617301,245886408,242736803,5.7733976088666116e-05,2.9887784606622095e-05
57,GCF_001856785.1,not found,0,0,6044,470,218922,1,4021,224,435781,347313470,345477101,1.7402146827187555e-05,1.157743752351442e-05
58,GCF_001854935.1,not found,0,0,31571,2037,84501,1,19751,56,3232964,615017152,600612111,5.1333527686720516e-05,3.211455149790684e-05
59,GCF_001853355.1,found,0,0,30469,3455,31499,1,3306,126,974427,462505359,431656307,6.587815558694964e-05,7.148025283745955e-06
60,GCF_001687245.1,found,0,0,139583,14077,19348,0,86670,3479,62643,1113962544,1045273524,0.00012530313586558078,7.780333411282095e-05
61,GCF_001654025.1,found,0,6,17526,2212,15132,0,3178,3,26536676,141386800,134601569,0.00012395782350261834,2.2477345834264585e-05
62,GCF_001652005.1,not found,0,0,65646,1972,23399,0,50568,82,632424,199936949,183850275,0.0003283335087803105,0.00025291973421080863
63,GCF_001483705.1,not found,0,0,212650,3777,38936,0,187611,377,351926,596278454,571027570,0.0003566286834170936,0.0003146365573692186
64,GCF_001594055.1,found,0,0,16065,1402,52131,0,4623,51,1333945,267973152,262192217,5.995003559162524e-05,1.7251728262688047e-05
65,GCF_001594115.1,found,0,0,37588,5793,14962,0,5836,31,2520094,291747019,283863290,0.00012883764889470902,2.0003631982268856e-05
66,GCF_001594075.1,found,0,0,60583,2708,29356,0,19761,102,760749,369438293,339096277,0.00016398679061674855,5.348931167782328e-05
67,GCF_001594065.1,found,0,0,26005,1065,74312,0,15379,70,1159032,300316566,287533858,8.659195976554953e-05,5.1209296259734136e-05
68,GCF_001594045.1,found,0,0,32977,5660,15290,0,1550,42,2037154,291257934,286382520,0.00011322266675145749,5.3217434413305975e-06
69,GCF_000001765.3,found,0,5,6823,186,202541,0,4790,4,12541198,152696384,149031575,4.468344188163617e-05,3.1369439632571786e-05
70,GCF_000002335.3,not found,0,11,7059,512,73049,1,2149,12,4456720,165944485,152429355,4.25383223793186e-05,1.2950114009513483e-05
71,GCF_000371365.1,found,0,0,104054,14933,11807,0,20487,809,226573,750403944,691739195,0.00013866398335454379,2.730129574052452e-05
72,GCF_000269505.1,found,0,6,7031,483,77651,0,6,3,28826359,136728780,132558338,5.142297035049973e-05,4.388249496558077e-08
73,GCF_001465965.1,found,0,0,11096,1199,42260,0,1483,37,1625592,208026220,200605717,5.333943000069895e-05,7.128909038485629e-06
74,GCF_001442555.1,not found,0,0,10707,1210,43751,1,2431,42,1421626,228331812,205977660,4.6892283235592245e-05,1.0646786265594913e-05
75,GCF_000355655.1,not found,0,0,59583,6411,7451,0,8188,87,628732,252847629,201821862,0.00023564784940103195,3.2383139333293883e-05
76,GCF_001412225.1,not found,0,0,8129,623,67958,0,4650,344,122407,195273382,192062784,4.162881759276336e-05,2.381276932050063e-05
77,GCF_000236325.1,found,0,0,7568,146,224458,0,4946,40,976885,156942009,156328338,4.822163325308267e-05,3.151482532634076e-05
78,GCF_000236305.1,found,0,0,34033,1870,19484,0,22819,654,45514,197375704,193889799,0.0001724275040457867,0.00011561200055301639
79,GCF_000236285.1,found,0,0,8675,228,149088,0,5500,52,663995,167263958,166411051,5.186413202059944e-05,3.2882158629774865e-05
80,GCF_000224235.1,found,0,0,9703,358,126259,0,5733,131,387676,182106768,181031891,5.328192964250511e-05,3.148153175723815e-05
81,GCF_000224215.1,found,0,0,8343,197,209056,0,5141,48,903682,164292578,163450645,5.0781356659946016e-05,3.1291736136735284e-05
82,GCF_000224195.1,found,0,0,8403,203,212818,0,5429,29,1714184,171267669,170533638,4.9063550926240495e-05,3.169891919297389e-05
83,GCF_000233415.1,found,0,0,7856,90,474639,0,5523,15,3386121,169378599,168601808,4.6381302280106824e-05,3.260742521550789e-05
84,GCF_000220665.1,found,0,0,9152,135,275894,0,5754,39,1050541,152439475,151050603,6.003694253079788e-05,3.7746128422444385e-05
85,GCF_000330985.1,not found,0,0,38757,5050,18517,1,1794,155,737182,393470562,336866061,9.850038031561812e-05,4.5594262271646135e-06
86,GCF_001313825.1,found,0,0,35235,2357,29911,0,14123,59,1361239,259665865,258381606,0.0001356936153313798,5.4389128120478986e-05
87,GCF_001313835.1,found,0,0,19591,1609,29465,0,3836,103,521566,211202212,197095956,9.275944515202331e-05,1.8162688561235335e-05
88,GCF_000002325.3,found,0,5,25484,3400,18840,0,6169,71,708988,295780872,238616307,8.615837740852965e-05,2.0856656342537253e-05
89,GCF_000572035.2,found,0,0,27508,4359,14116,0,1794,50,1139389,241190213,205866017,0.00011405106226263004,7.438112756258481e-06
90,GCF_001298355.1,not found,0,0,68691,669,92238,1,63187,56,1174287,278436446,266027195,0.0002467026173721525,0.00022693509024317886
91,GCF_001277935.1,found,0,6,3225,184,157428,0,6,3,26871514,135748557,124583858,2.375715861200646e-05,4.419936485954691e-08
92,GCF_001272555.1,not found,0,0,7790,415,191865,0,4178,32,2549405,279505983,277275324,2.7870601968473785e-05,1.4947801671923424e-05
93,GCF_001188975.1,found,0,0,49755,486,135231,1,36198,474,139566,471780370,420588624,0.00010546220903595459,7.672638011623926e-05
94,GCF_001263275.1,not found,0,0,50205,3826,22370,0,27566,47,1784116,296954667,286296474,0.0001690662096918652,9.282898389335635e-05
95,GCF_001263575.1,found,0,0,8187,746,87373,0,4523,310,243810,239677193,236808938,3.41584441036073e-05,1.887121566881835e-05
96,GCF_001186385.1,not found,0,0,50913,5852,13141,1,5637,281,397774,395073589,296540817,0.0001288696623048624,1.4268227887032964e-05
97,GCF_001186105.1,not found,0,0,47095,5657,17697,0,7301,62,1586980,406468287,347392964,0.00011586389764276985,1.7962040910709474e-05
98,GCF_000262585.1,not found,0,0,38378,2703,40396,1,20869,169,664006,419427777,399658878,9.150085450826019e-05,4.9755884432041324e-05
99,GCF_000005975.2,found,0,7,13441,275,115562,1,8123,4,21770863,165709965,162597976,8.111159760368063e-05,4.901938154413345e-05
100,GCF_000005215.3,found,0,0,21426,836,42955,1,14731,13,2123299,166592095,157253525,0.0001286135455586893,8.842556425021247e-05
101,GCF_000220905.1,not found,0,0,16706,1148,64153,0,6266,47,1699680,272660569,265916502,6.12703188483407e-05,2.298095402272853e-05
102,GCF_001015335.1,found,0,0,125702,19213,11309,0,12042,509,504651,971188624,820674819,0.00012943108773481678,1.2399239141005424e-05
103,GCF_000956235.1,found,0,0,103610,1666,37912,0,77788,55,1175369,324120201,285666859,0.0003196653577294308,0.00023999738294621138
104,GCF_000949405.1,found,0,0,23916,2215,32417,0,13258,61,1346088,287900827,268769244,8.307027197250809e-05,4.605057977134605e-05
105,GCF_000005575.2,found,0,6,16825,696,85548,1,8145,9,12309988,265027044,252454096,6.348408730695423e-05,3.073271269629374e-05
106,GCF_000214255.1,not found,0,18,10672,890,76043,0,5678,18,3506793,248654244,236382229,4.291903419110755e-05,2.2834920927390243e-05
107,GCF_000217595.1,found,0,0,18227,1697,35858,0,3030,40,1402257,219500750,213270824,8.30384406431413e-05,1.3804053061322114e-05
108,GCF_000005115.1,found,0,0,20532,427,95247,0,13749,10,4599533,230993012,213918817,8.888580577493834e-05,5.952128110265084e-05
109,GCF_000204515.1,found,0,0,16583,993,80630,0,4339,74,1110580,295944863,288510352,5.603408632235661e-05,1.4661514837647309e-05
110,GCF_000005155.2,found,0,0,24157,447,91192,0,17440,7,8399593,200467819,186090669,0.00012050313172709281,8.699650690567946e-05
111,GCF_000005175.2,found,0,0,11874,358,121517,0,6841,4,24764193,193826310,180207831,6.126103313838044e-05,3.52944860787991e-05
112,GCF_000209185.1,found,0,0,48671,4964,28546,0,3171,317,486756,579042118,539959374,8.405433471421504e-05,5.476285578245277e-06
113,GCF_000836235.1,not found,0,0,10777,528,128246,0,5572,16,6198915,243890167,237937214,4.418792332861866e-05,2.284634952093005e-05
114,GCF_000836215.1,not found,0,0,14375,1129,47768,1,3874,21,3672263,227021014,218282130,6.33201294748864e-05,1.7064499588571126e-05
115,GCF_000341935.1,not found,0,0,10707,867,44905,1,1976,56,622163,162245578,159172346,6.59925535844188e-05,1.2179068448941024e-05
116,GCF_000789215.1,found,0,0,86446,15902,4913,1,7166,91,1206000,414984608,298648724,0.00020831134054976805,1.7268110339167085e-05
117,GCF_000187915.1,found,0,0,33562,5563,11605,0,4645,81,819605,235645958,220070452,0.00014242552804576432,1.971177455969773e-05
118,GCF_000806345.1,found,0,0,43002,4488,17360,1,5572,66,1399015,374820345,316281465,0.00011472696339362262,1.4865788568654137e-05
119,GCF_000806365.1,found,0,0,8510,726,51867,0,1042,49,978588,153631861,140978447,5.5392155927864466e-05,6.782447294575179e-06
120,GCF_000006295.1,not found,0,0,8555,853,34097,0,1882,67,497057,110781312,108367462,7.722421630103099e-05,1.6988424906901264e-05
121,GCF_000757685.1,not found,0,0,121137,12135,23518,1,46559,928,356597,1140803929,1017348354,0.00010618564410642033,4.0812447096682466e-05
122,GCF_000001215.4,found,0,7,2442,3,21485538,1,1870,3,25286936,143726002,142573024,1.6990662552486502e-05,1.3010867720372545e-05
123,GCF_000143395.1,found,0,0,30435,5573,14798,0,2835,21,5154485,317671980,281103936,9.580637234672066e-05,8.924299839098179e-06
124,GCF_000696155.1,not found,0,0,64772,5972,22794,1,31663,194,751105,485024916,464273917,0.00013354365489957635,6.528118237950481e-05
125,GCF_000151625.1,not found,0,0,88673,8076,15510,1,43463,38,4008358,481819406,431723578,0.00018403783429179688,9.02059972237814e-05
126,GCF_000503995.1,not found,0,0,9928,980,74702,0,2457,10,9558897,277059195,275780432,3.583349760328294e-05,8.868140976154933e-06
127,GCF_000475195.1,not found,0,0,176470,3424,34407,0,161988,1096,109898,485705082,466369913,0.0003633274728634608,0.0003335110255239207
128,GCF_000472105.1,found,0,0,24878,2021,24954,0,8680,70,388966,232923092,202303443,0.00010680778700979979,3.726551938439835e-05
129,GCF_000469605.1,not found,0,0,45204,7498,8422,0,4040,87,732052,230340171,219173384,0.00019624887749171638,1.7539276724770688e-05
130,GCF_000005925.1,found,0,0,20358,279,180217,0,14838,15,4511350,235516348,223610028,8.643985936806391e-05,6.300199593787858e-05
131,GCF_000005245.1,found,0,0,18382,389,120091,0,13530,6,10161210,206026697,189205863,8.922144686909192e-05,6.567110086708811e-05
132,GCA_002938485.2,not found,0,0,4474,189,1039787,1,2025,73,2860826,770567808,757926874,5.806108110864657e-06,2.6279322584937264e-06
133,GCA_900199415.2,not found,0,0,48876,6271,25575,0,7090,201,857189,642750272,575376127,7.604197482159915e-05,1.1030722675446803e-05
134,GCA_008121225.1,not found,0,6,348,8,5538275,0,123,2,45685075,193536318,193423818,1.798112124877771e-06,6.355396303447295e-07
135,GCA_008121235.1,not found,0,6,55,4,11370518,0,31,3,24182865,126232139,126220139,4.357052049953776e-07,2.45579297361031e-07
136,GCA_008121275.1,not found,0,5,650,10,5037799,0,223,2,48132706,184313494,184099994,3.5266001739406016e-06,1.2098951365980832e-06
137,GCA_008086715.1,not found,0,9,1145,58,1613763,0,653,4,36263045,397852643,397803443,2.8779499650075215e-06,1.6413112027510146e-06
138,GCA_008042575.1,found,0,0,19463,1077,32759,0,18615,1002,33883,196825890,196692670,9.888434900510293e-05,9.457597270359098e-05
139,GCA_008042585.1,found,0,0,13408,494,72339,0,12961,439,77693,192339030,192186647,6.971024029808199e-05,6.73862190112948e-05
140,GCA_008042535.1,found,0,0,13960,731,55635,0,13368,692,57531,180972673,180838695,7.713871806490917e-05,7.386750595212792e-05
141,GCA_008042715.1,found,0,0,9206,571,73461,0,8838,532,80877,151202254,151133644,6.0885335743738316e-05,5.845150959191389e-05
142,GCA_008044375.1,found,0,0,24869,1686,20733,0,23835,1577,21569,197369186,197214504,0.00012600244498145723,0.00012076353195275376
143,GCA_008042795.1,found,0,0,14400,556,77794,0,14021,524,82718,189050820,188976695,7.616999492517409e-05,7.416524297540735e-05
144,GCA_008044355.1,found,0,0,14907,636,66522,0,14351,590,70510,182681050,182623104,8.160123888055164e-05,7.855768291237651e-05
145,GCA_008042815.1,found,0,0,7073,338,106114,0,6635,309,116592,151823105,151671413,4.658711202092725e-05,4.3702175633939246e-05
146,GCA_008042485.1,found,0,0,11282,303,131064,0,10414,245,151783,167807061,167443736,6.723197422544693e-05,6.205936709659673e-05
147,GCA_008044435.1,found,0,0,16405,768,57257,0,15986,740,59460,186167886,186088923,8.811938703542027e-05,8.586873033515566e-05
148,GCA_008042695.1,found,0,0,10778,442,84243,0,10389,403,92241,163991206,163930860,6.57230363925734e-05,6.335095797758813e-05
149,GCA_008042655.1,found,0,0,20178,1098,31415,0,19702,1079,31899,175666184,175513057,0.00011486559075023796,0.0001121559058856769
150,GCA_008042635.1,found,0,0,21555,1571,28823,0,20890,1521,29794,190505469,190280589,0.00011314635801872963,0.00010965564458414578
151,GCA_008042775.1,found,0,0,5656,469,93696,0,5286,438,102287,149209000,149151988,3.790656059621069e-05,3.5426817417179926e-05
152,GCA_008042615.1,found,0,0,16264,1044,47547,0,15783,1019,48331,197420731,197291507,8.238243226847336e-05,7.994601134366178e-05
153,GCA_008042735.1,found,0,0,18981,1541,24887,0,18487,1481,25943,164601511,164511083,0.00011531485880466797,0.00011231367128823016
154,GCA_008042555.1,found,0,0,12499,676,70792,0,11718,618,79402,187578810,187464483,6.663332601374323e-05,6.246974271774088e-05
155,GCA_008044335.1,found,0,0,16997,1267,36923,0,16704,1234,38013,187248584,187190471,9.077238202239223e-05,8.920761718550565e-05
156,GCA_008042675.1,found,0,0,11399,490,83310,0,10855,453,88705,178856532,178623909,6.373264578338128e-05,6.0691101849162546e-05
157,GCA_008042755.1,found,0,0,7950,200,209731,0,7571,182,242398,156593892,156513688,5.076826368170222e-05,4.834799048228522e-05
158,GCA_008042515.1,found,0,0,8962,403,101914,0,8217,339,127470,167897087,167522385,5.3377936211603244e-05,4.894069424801873e-05
159,GCA_008042475.1,found,0,0,4105,112,348318,0,3638,97,405601,152203088,151997873,2.6970543462298216e-05,2.3902274571459416e-05
160,GCA_902196195.1,found,0,0,301714,21466,4094,0,301714,21466,4094,339926289,339926289,0.0008875865437992059,0.0008875865437992059
161,GCA_007844875.1,not found,0,0,227515,53226,2742,0,201398,37071,3310,492902852,490176487,0.00046158182911061753,0.0004085957287177555
162,GCA_002192655.2,not found,0,0,99064,3090,42480,1,86780,582,207752,571323200,559391550,0.00017339397384877773,0.00015189300907087266
163,GCA_900465395.1,not found,0,0,27687,1735,22571,0,27687,1735,22571,160223033,160223033,0.00017280287035884536,0.00017280287035884536
164,GCA_901521435.1,found,0,0,2230,318,255727,0,1523,227,383244,326199551,324154578,6.83630616033558e-06,4.668921202776273e-06
165,GCA_007018985.1,not found,0,0,31700,3570,20985,0,30458,3023,24617,288964812,288840612,0.00010970193837995749,0.00010540383719800457
166,GCA_006980735.1,not found,0,0,135963,14778,9253,0,96046,4817,28249,505154499,504049904,0.00026915131958470394,0.00019013193031069094
167,GCA_902155825.1,not found,0,0,184368,8727,33483,0,155957,2000,141435,1049658498,1033066079,0.0001756456984355306,0.000148578799959375
168,GCA_902151475.1,not found,0,0,901128,53180,3875,0,889014,43910,4090,1105092765,1100654316,0.0008154319967880705,0.0008044700211208061
169,GCA_902151455.1,not found,0,0,370523,13603,21089,0,333758,2542,104800,1108645000,1079478325,0.00033421248460959097,0.00030105038132134275
170,GCA_902151465.1,not found,0,0,214394,10736,28042,0,179075,2342,125371,1093399193,1067512940,0.00019608026178596238,0.00016377824416411474
171,GCA_902151435.1,not found,0,0,574646,13756,20744,0,538095,2340,112671,1177599484,1150938447,0.0004879808524100882,0.0004569422858204989
172,GCA_902151445.1,not found,0,0,223245,8763,34552,0,189023,1232,226495,1098921974,1080338207,0.00020314909091079836,0.00017200766248396085
173,GCA_902151425.1,not found,0,0,348856,11358,26252,0,316480,2799,103521,1153163518,1133144080,0.00030252084336230276,0.000274445033215142
174,GCA_902141385.1,not found,0,0,689529,15197,17799,0,660024,3833,66553,1220418541,1199086959,0.0005649938745071884,0.0005408177422961653
175,GCA_902141375.1,not found,0,0,596691,20685,12322,0,564266,5817,39561,1137318704,1118923447,0.0005246471353204792,0.0004961370968537242
176,GCA_901482245.1,not found,0,0,349225,11123,25777,0,317771,2919,96339,1123070144,1105472315,0.00031095564410267145,0.000282948488745508
177,GCA_005959815.1,not found,0,0,69820,4934,19090,0,42093,1009,55527,476287247,473527192,0.00014659220972171024,8.837734007184114e-05
178,GCA_005889595.1,found,0,0,60875,7734,3670,0,37048,6566,4802,131273702,130736341,0.0004637257811164646,0.0002822195111096966
179,GCA_005876975.1,found,0,0,422,8,5273554,0,422,8,5273554,182891478,182891478,2.3073792426785462e-06,2.3073792426785462e-06
180,GCA_005876895.1,found,0,0,126,5,17833963,0,126,5,17833963,219083522,219083522,5.751231258734283e-07,5.751231258734283e-07
181,GCA_005406045.1,not found,0,0,92343,4751,26229,0,72695,747,188809,469620330,434364638,0.00019663331014651772,0.00015479525769252793
182,GCA_005406025.1,not found,0,0,12721,649,324293,0,12720,649,324293,731846884,731846785,1.7382051188729254e-05,1.7380684782692878e-05
183,GCA_004959915.1,not found,0,0,3009,187,452245,0,726,63,1465393,322399471,318829363,9.333141864863668e-06,2.2518647370857505e-06
184,GCA_004916985.1,found,0,0,25577,4023,15816,0,1593,128,609994,269775091,225426526,9.480860484632364e-05,5.904918775469897e-06
185,GCA_004799115.1,not found,0,0,81653,10813,20713,0,51398,1787,97121,906539853,821220823,9.007105394185025e-05,5.6696900671172146e-05
186,GCA_004796505.1,not found,0,0,11864,1394,19466,0,10890,1232,21917,104008747,103983947,0.00011406732935644345,0.00010470273235769295
187,GCA_004382145.1,not found,0,6,381,4,22120385,1,353,3,24228064,152317181,152314381,2.501359318092947e-06,2.3175323865795546e-06
188,GCA_004794745.1,found,0,0,22624,2153,30134,0,3987,137,514432,260681563,238247228,8.678787920264234e-05,1.5294522382467073e-05
189,GCA_004785975.1,not found,0,0,81484,8986,13656,0,75144,7873,15169,531530429,529295032,0.00015330072476433894,0.00014137290341283547
190,GCA_900002565.1,not found,0,0,3108,357,166828,0,916,106,593778,209428516,208164225,1.4840385919556437e-05,4.373807433176865e-06
191,GCA_003425675.2,not found,0,0,2301,232,823676,0,1717,24,8915549,772891954,682491295,2.9771302289944656e-06,2.221526555055844e-06
192,GCA_004480015.1,found,0,0,75050,12776,6806,0,48129,7881,10773,286872587,285512230,0.0002616144009605212,0.00016777134582050533
193,GCA_004354385.1,not found,0,7,562,17,3071820,1,364,3,29570363,167994222,167980102,3.345353151491127e-06,2.1667411870867797e-06
194,GCA_004329205.1,found,0,6,481,8,5971646,0,432,2,32023297,193980066,193955566,2.4796362323126543e-06,2.2270329570874566e-06
195,GCA_004329405.1,found,0,0,166643,4677,15276,0,163186,3985,17950,295977620,295928905,0.0005630256774143937,0.0005513457402623888
196,GCA_004307685.1,not found,0,0,44339,3912,12363,0,20498,288,145751,219302412,172752950,0.00020218199880081574,9.346910420666052e-05
197,GCA_004302925.1,not found,0,0,3663,226,616429,1,3663,226,616429,534084880,534084880,6.858460400526598e-06,6.858460400526598e-06
198,GCA_003335185.2,not found,0,0,48483,1023,119723,0,38197,110,1084798,539918070,529126052,8.979695752727816e-05,7.074591891321585e-05
199,GCA_004195275.1,found,0,0,39312,4785,11959,0,34983,4400,13064,198942706,198667680,0.0001976046309533962,0.00017584459718769484
200,GCA_004193855.1,not found,0,0,8150,166,820105,0,7960,137,1057295,486925161,486920325,1.67376850751814e-05,1.63474813740422e-05
201,GCA_004193795.1,not found,0,0,155593,13060,4550,0,135581,10566,5726,249608069,248278581,0.000623349239563245,0.0005431755493449212
202,GCA_004143645.1,not found,0,0,7277,828,318221,1,5266,174,1955572,1143923906,1141406378,6.361437121675119e-06,4.603453055206978e-06
203,GCA_004149465.1,found,0,0,57300,1616,15732,0,52483,1135,23593,155317739,154858383,0.0003689211571641537,0.00033790731398684605
204,GCA_004143905.1,found,0,0,15382,1261,31732,0,10511,840,48586,146387375,145988803,0.00010507736749839254,7.180264008422857e-05
205,GCA_004143865.1,found,0,0,27153,430,76210,0,26346,406,79952,164709851,164651694,0.00016485352779537152,0.00015995400299402858
206,GCA_004143875.1,not found,0,0,96252,13628,3141,0,95963,13603,3145,179543486,179532183,0.000536092966358022,0.000534483328456706
207,GCA_004143785.1,not found,0,0,81357,8636,4562,0,81121,8616,4572,174880844,174872919,0.00046521390301615883,0.00046386441273121946
208,GCA_004136515.2,not found,0,0,1035,36,2625112,1,1035,36,2625112,340556243,340556243,3.039145578077099e-06,3.039145578077099e-06
209,GCA_004115105.1,not found,0,0,194709,14355,15453,0,135446,914,249594,864963299,812987265,0.0002251066608549827,0.00015659161510851572
210,GCA_003448975.2,found,0,5,7338,981,44910,0,5,2,43030556,180467922,168837391,4.0660965775402454e-05,2.7705754821070085e-08
211,GCA_004026295.1,found,0,0,8535,1890,6817,0,8507,1884,6837,43768535,43767378,0.0001950030998295922,0.00019436337085534163
212,GCA_004000445.1,not found,0,0,32379,326,642389,0,27144,119,1753049,824354176,782874183,3.927802022804334e-05,3.292759446153397e-05
213,GCA_003118335.3,not found,0,0,40194,4682,11857,1,11084,16,5456730,232544191,219234027,0.00017284456699243026,4.7664058828285243e-05
214,GCA_900245975.1,not found,0,0,15013,128,294367,1,13507,7,7251133,140653667,137994567,0.00010673735225118588,9.603020161571756e-05
215,GCA_003951495.1,found,0,3,9932,482,107489,1,9175,34,239261,444543995,444495173,2.2341995644323123e-05,2.0639127067727007e-05
216,GCA_900490055.1,not found,0,0,5289283,862747,536,0,3378461,536641,970,2060851172,1811304538,0.002566552632166492,0.0016393522472179763
217,GCA_003952975.1,not found,0,0,14718,717,58829,0,6479,399,112949,214836881,202178942,6.850779033605501e-05,3.0157764206230492e-05
218,GCA_900490065.1,not found,0,0,3294172,608173,1019,0,2812183,409513,1664,2569683019,2283939580,0.001281937101052229,0.001094369608705423
219,GCA_900474265.1,not found,0,0,2695566,530641,977,0,2578124,461030,1138,1937566174,1869414693,0.0013912123550521892,0.0013305991994470069
220,GCA_900474205.1,not found,0,0,2874748,656708,635,0,2458281,402730,1116,1713399768,1496550106,0.0016778034254992381,0.0014347387258429932
221,GCA_900474195.1,not found,0,0,2635325,486429,799,0,2221463,283642,1511,1877197301,1626492128,0.0014038614899968898,0.0011833934551347407
222,GCA_900474215.1,not found,0,0,2393503,436154,980,0,2014038,284858,1665,1869313883,1651881132,0.0012804179232643082,0.0010774209822738475
223,GCA_900480045.1,found,0,0,216600,1156,34678,0,215946,1036,38307,314665288,314308012,0.0006883504735355493,0.0006862720745988353
224,GCA_900475205.1,found,0,0,175531,4181,12988,0,174583,4012,13596,321460311,320888381,0.0005460425252932702,0.0005430934831640849
225,GCA_900474315.1,not found,0,0,232396,8366,9699,0,232092,8314,9797,410910949,410384361,0.0005655629293051522,0.0005648231096416951
226,GCA_003865315.1,not found,0,0,54578,4542,26622,0,44316,470,157105,557776117,496028137,9.784929532936599e-05,7.945123258118991e-05
227,GCA_003710045.1,not found,0,0,109762,2943,28892,0,95883,39,2351152,325881203,307655189,0.00033681598996674873,0.00029422685051276186
228,GCA_003709505.1,not found,0,0,9505,983,152331,0,4394,126,1126406,510511702,508098354,1.8618574192839953e-05,8.607050500088243e-06
229,GCA_003671415.1,not found,0,0,9919,1411,92816,0,1515,28,4153133,429427782,427401013,2.3098179521137737e-05,3.5279505972904194e-06
230,GCA_003667255.1,not found,0,0,3209,151,2463424,0,3209,151,2463424,1325158962,1325158962,2.4215962703499416e-06,2.4215962703499416e-06
231,GCA_003595255.1,found,0,0,87253,6314,13777,0,81632,6015,14463,335323959,334951853,0.00026020508722432206,0.00024344219316580357
232,GCA_003456935.1,not found,0,0,727820,154962,2401,0,200537,22172,27244,2144507099,1322594187,0.00033938801151061146,9.351193106029443e-05
233,GCA_003568925.1,not found,0,0,66468,5248,21314,0,55573,709,67752,514957465,468006265,0.00012907473824075937,0.0001079176510238569
234,GCA_900499025.1,not found,0,0,135004,11715,11442,0,82131,7865,16525,501694711,497080712,0.0002690959203673965,0.00016370712746062815
235,GCA_003347265.1,not found,0,0,132934,11444,14418,0,119821,9935,16667,604293666,602740944,0.000219982448070207,0.00019828273361382543
236,GCA_003261595.1,not found,0,0,28882,938,50278,0,28882,938,50278,189239095,189239095,0.00015262174023818916,0.00015262174023818916
237,GCA_003314205.1,not found,0,16,199,15,5131172,1,114,7,13573435,227036473,227027973,8.765111498186461e-07,5.02121965222742e-07
238,GCA_900490015.1,not found,0,0,202372,18227,7394,0,182990,14424,9143,577887951,577361771,0.00035019245452307416,0.00031665308072844733
239,GCA_900490025.1,not found,0,0,169101,9535,12960,0,148702,5769,18748,589959111,589041261,0.00028663172895722935,0.00025205475638463357
240,GCA_900480035.1,found,0,0,240600,4292,17904,0,240114,4220,18995,376747980,372877871,0.0006386231984574941,0.000637333211448141
241,GCA_900474355.1,found,0,0,141839,19432,4982,0,141701,19408,4996,363976237,363914689,0.00038969302273433854,0.00038931387710346594
242,GCA_900474275.1,not found,0,0,13916,1038,55627,0,12796,941,61479,226414463,225894424,6.146250471640586e-05,5.651582425633295e-05
243,GCA_900474325.1,found,0,0,22317,1140,42371,0,20256,987,49302,235334141,235159360,9.483111929773079e-05,8.607335898619147e-05
244,GCA_900474385.1,found,0,0,72895,2093,30505,0,72854,2091,30557,266814119,266798720,0.0002732051822190114,0.00027305151718751434
245,GCA_900474335.1,found,0,0,37149,2798,22971,0,37093,2796,22984,259885974,259877932,0.0001429434587339446,0.00014272797961770726
246,GCA_900480025.1,found,0,0,48204,2641,28345,0,48063,2630,28524,314961079,314894732,0.00015304748178107428,0.00015259980741937957
247,GCA_900474235.1,found,0,0,175801,20618,3407,0,141411,9918,6094,287222439,286354784,0.0006120726521648958,0.0004923396670968315
248,GCA_900474305.1,found,0,0,15034,562,87218,0,14999,560,87417,185537488,185533162,8.102944672830754e-05,8.084080560581913e-05
249,GCA_003287335.1,not found,0,0,124786,18613,4212,0,114548,16786,4685,304502267,304176206,0.0004098031887558985,0.0003761811073807211
250,GCA_003264975.1,not found,0,0,15967,1772,54502,1,7859,71,1292312,385232317,359705026,4.144771685912322e-05,2.0400676820683243e-05
251,GCA_000696855.2,not found,0,0,149799,7944,46532,0,111110,616,587400,1445215006,1404275267,0.00010365170537123526,7.688129415949339e-05
252,GCA_900068805.1,not found,0,0,356621,53777,1486,0,280134,37595,2019,319429628,315045259,0.001116430564794071,0.0008769818934892289
253,GCA_900068695.1,not found,0,0,394634,70650,808,0,295438,56542,1062,225751348,219497868,0.0017480914443974882,0.0013086876451342386
254,GCA_900068675.1,not found,0,0,372259,55179,1132,0,326112,47938,1323,267031756,265089203,0.0013940626597235125,0.0012212480076714172
255,GCA_900068665.1,not found,0,0,284543,42505,1927,0,245007,36103,2216,322345282,319687954,0.000882727360656701,0.0007600762712574772
256,GCA_900068655.1,not found,0,0,363841,74157,732,0,288063,61896,908,200557715,195799777,0.001814146117490419,0.0014363097425596418
257,GCA_900068635.1,not found,0,0,368967,58840,915,0,327508,53280,1034,233711095,232021410,0.0015787312108567204,0.001401336979744158
258,GCA_900068615.1,not found,0,0,331387,39326,1722,0,272963,29361,2186,322277005,318395690,0.0010282675923465282,0.0008469825515475422
259,GCA_900068585.1,not found,0,0,375535,82447,582,0,332934,75405,649,182841427,180919563,0.002053883554518528,0.0018208893108234165
260,GCA_900068575.1,not found,0,0,363876,70546,908,0,337126,63724,1005,235619602,234265653,0.0015443367059078557,0.0014308062535476145
261,GCA_900068565.1,not found,0,0,354834,87801,469,0,272793,73023,592,147116315,141666901,0.0024119282759359493,0.0018542674889593313
262,GCA_900068545.1,not found,0,0,335458,64831,727,0,255413,51888,960,182259827,177133981,0.0018405482191091952,0.001401367510351033
263,GCA_900068525.1,not found,0,0,362459,77201,635,0,324306,68879,717,184319678,182986564,0.0019664693641663154,0.0017594757299868981
264,GCA_900068505.1,not found,0,0,294028,40150,1882,0,255700,33898,2178,318072104,315434798,0.00092440675023799,0.0008039057710009049
265,GCA_900068495.1,not found,0,0,382852,65625,1102,0,296967,48611,1474,274242794,267973448,0.0013960330348734705,0.001082861633914071
266,GCA_900068315.1,not found,0,0,348959,60723,1162,0,318540,52918,1328,264760125,262728930,0.0013180194713988747,0.001203126792601416
267,GCA_900068305.1,not found,0,0,316737,74408,546,0,245124,62178,683,146293788,141700956,0.002165074842412311,0.0016755598672446707
268,GCA_900068285.1,not found,0,0,227862,70659,411,0,213487,66869,437,90541832,89606123,0.0025166488789402893,0.002357882486848731
269,GCA_900068265.1,not found,0,0,441390,79874,1023,0,403870,73325,1115,318747250,316607778,0.0013847648881676626,0.0012670540687017692
270,GCA_900068255.1,not found,0,0,356717,80804,621,0,329359,73568,681,185102196,183416785,0.0019271354295548175,0.0017793359944795037
271,GCA_900068205.1,not found,0,0,459248,88464,926,0,404123,76830,1066,306385191,301165931,0.0014989236212790715,0.0013190030454180797
272,GCA_900068165.1,not found,0,0,523992,109519,787,0,503658,104417,822,321678340,321212420,0.0016289315593956374,0.0015657193456046806
273,GCA_900068125.1,not found,0,0,305693,44545,1654,0,267638,36223,1991,303646369,301343139,0.0010067401793959869,0.0008814134708128191
274,GCA_900249655.1,not found,0,0,43187,6904,1799,0,43187,6904,1799,41642132,41642132,0.0010370986768881093,0.0010370986768881093
275,GCA_003063865.1,found,0,0,43235,4144,15430,0,6810,292,322984,386044929,260896556,0.00011199473623962562,1.764043376412283e-05
276,GCA_003063815.1,found,0,0,41469,4023,15622,0,7404,330,300103,395412201,263698353,0.00010487536776843161,1.8724763629638227e-05
277,GCA_003063835.1,found,0,0,37287,2837,23448,0,6427,189,439114,382861007,274967127,9.739043495750926e-05,1.6786770871132354e-05
278,GCA_003063725.1,found,0,0,35725,3144,20738,0,6922,231,351517,342642954,264999948,0.00010426305161961684,2.0201787076584682e-05
279,GCA_003063765.1,not found,0,0,39914,3814,15753,0,7032,332,255328,346134187,244732216,0.00011531366013262365,2.0315820465315667e-05
280,GCA_003063805.1,found,0,0,31444,2978,21672,0,5089,227,336807,310333780,252639995,0.00010132316243497566,1.6398472638073754e-05
281,GCA_003055095.1,found,0,0,13697,948,37816,0,7855,216,167330,140141882,139902298,9.773666376194377e-05,5.605033904140091e-05
282,GCA_003054995.1,not found,0,0,40228,1402,12135,0,33003,410,54149,85899700,84976950,0.0004683136262408367,0.0003842039029239916
283,GCA_003123925.1,not found,0,0,215787,34557,5359,0,76616,14394,23099,1143537531,603553090,0.00018870128364855565,6.69991127733262e-05
284,GCA_003018175.1,not found,0,0,317827,39325,12126,0,24818,576,1056071,2037297555,1710403009,0.0001560042121583953,1.2181823876974122e-05
285,GCA_003121605.1,found,0,0,85024,6790,9374,0,75550,3257,15354,283869132,283039056,0.00029951830056675554,0.00026614376655789403
286,GCA_003086615.1,found,0,0,105115,6130,6978,0,63742,1125,40647,183585048,175073709,0.0005725684152665853,0.00034720692504326385
287,GCA_000696205.2,not found,0,0,150946,24197,11156,0,15991,869,370203,1099611736,942173429,0.0001372720889184835,1.4542405720558806e-05
288,GCA_003055125.1,not found,0,0,169822,19644,5917,0,147653,14703,7609,422395093,421198037,0.0004020453902384704,0.00034956135250368544
289,GCA_003012365.1,not found,0,0,167455,26796,28251,0,135691,17103,43047,2593359413,2584993513,6.457068741053827e-05,5.2322481534880104e-05
290,GCA_003003475.1,not found,0,0,756172,136215,2112,0,561698,96970,3065,1015727762,985356110,0.0007444632590440114,0.000553000539134619
291,GCA_002930495.1,not found,0,0,160777,19688,7706,1,47369,280,558064,566834491,535852654,0.0002836401146238647,8.356760351056336e-05
292,GCA_002939525.1,found,0,0,122589,17827,50814,0,18601,2951,332543,3374840130,3227274014,3.632438731253323e-05,5.511668489019656e-06
293,GCA_001368715.1,not found,0,0,17491,301,313003,0,10542,76,1270674,381952380,364619037,4.579366673929352e-05,2.760029928338187e-05
294,GCA_001010745.2,not found,0,0,136873,21362,10917,0,18844,674,412278,994443371,826814648,0.00013763780220321867,1.8949294197668296e-05
295,GCA_900240015.1,not found,0,0,50014,4533,21390,0,41562,1621,52317,436269483,424895735,0.00011464015235739054,9.526680554000611e-05
296,GCA_002846955.1,found,0,0,35545,3057,14431,0,16504,788,53365,162944031,162366374,0.00021814238779940335,0.00010128631223073155
297,GCA_000695645.2,not found,0,0,88007,6351,18168,0,58745,902,102316,479982703,453087212,0.00018335452392333396,0.00012238982703507964
298,GCA_000507165.2,not found,0,0,25743,2233,55305,0,8161,216,599527,474347418,448234373,5.42703491642069e-05,1.7204689411843704e-05
299,GCA_002806875.1,not found,0,0,127582,12006,6124,0,123317,10262,6644,333080613,332827073,0.00038303640326253394,0.000370231695232289
300,GCA_002778355.1,not found,0,0,906073,21033,46246,1,785781,2981,316087,3802633449,3684900222,0.0002382751354165559,0.00020664126862047176
301,GCA_000648945.2,found,0,0,114516,15229,24277,0,58718,5506,69049,1369180260,1310510128,8.36383662148328e-05,4.288551457789787e-05
302,GCA_000376725.2,not found,0,0,46619,4253,67260,0,9411,297,1183267,1157615891,1072799907,4.027156189064443e-05,8.129639609447967e-06
303,GCA_002382865.1,not found,0,0,31295,5553,19807,0,8826,1134,102124,403154403,365144493,7.76253459397292e-05,2.1892356710786065e-05
304,GCA_002313205.1,not found,0,0,216779,9547,45047,0,148784,753,583478,1595214429,1563734013,0.00013589332948542432,9.326896578616642e-05
305,GCA_002278615.1,not found,0,11,84614,9759,5623,0,29168,987,66402,280876046,231857208,0.0003012503244936736,0.00010384652025470338
306,GCA_002290385.1,not found,0,0,21784,2783,21160,0,879,46,1393515,228791026,209222734,9.521352467731842e-05,3.841933905222314e-06
307,GCA_002249905.1,found,0,0,57930,6251,9960,1,40891,2470,22350,236484274,235233907,0.00024496343465104997,0.00017291213199233704
308,GCA_002245475.1,not found,0,0,119974,14067,16821,0,67159,1347,175106,855081797,824704782,0.00014030704480076775,7.854102407000485e-05
309,GCA_002245505.1,not found,0,0,108700,11313,18819,0,40359,1057,206312,808524533,783569716,0.00013444242637471087,4.9916852677616897e-05
310,GCA_000349125.2,found,0,5,2861,241,200121,0,236,5,9735467,173339239,163494474,1.6505206879326382e-05,1.3614920739325502e-06
311,GCA_002237135.1,found,0,0,25613,1975,64047,1,25142,1905,66701,621706043,621310649,4.119792671856014e-05,4.0440333953775e-05
312,GCA_002236955.1,not found,0,0,357088,56852,17257,0,357088,56852,17257,3416447916,3416447916,0.00010452025284146026,0.00010452025284146026
313,GCA_002233535.1,not found,0,0,3798118,803550,319,0,1822983,403348,871,1248087067,934491219,0.003043151475905807,0.0014606216570946969
314,GCA_002222885.1,found,0,0,79155,8503,3966,0,46105,5939,5692,137224182,134337876,0.0005768298185228023,0.0003359830558144628
315,GCA_002217905.1,not found,0,0,3344,320,179487,0,3315,318,180259,211200590,211195745,1.5833289102080633e-05,1.5695978879604454e-05
316,GCA_000235995.2,not found,0,0,15069,907,63596,0,5395,102,715714,248577651,241867267,6.062089628483938e-05,2.1703479690537426e-05
317,GCA_002201625.1,not found,0,0,110426,6088,12398,0,22698,419,143590,588199719,424637851,0.00018773555381450293,3.858893376995986e-05
318,GCA_002197625.1,not found,0,0,720706,156741,768,0,672913,131167,878,450338996,445559970,0.0016003632960979466,0.001494236577282772
319,GCA_900068765.1,not found,0,0,432188,81406,1195,0,389862,71858,1347,351728632,349421050,0.0012287541038171724,0.0011084170139438634
320,GCA_900068405.1,not found,0,0,475207,87743,1160,0,404504,73889,1376,369905417,365097875,0.0012846716435082647,0.001093533593751075
321,GCA_900068005.1,not found,0,0,387093,68878,1590,0,306015,53509,2036,381577504,376316881,0.0010144544579860767,0.0008019733783886799
322,GCA_002150865.1,not found,0,0,27984,4315,20602,0,2975,469,201477,341147348,306414225,8.202907091043838e-05,8.720571968215916e-06
323,GCA_002156465.1,found,0,0,12056,525,65089,0,12056,525,65089,127916415,127916415,9.424904536294266e-05,9.424904536294266e-05
324,GCA_900068825.1,not found,0,0,348967,67366,781,0,256347,52134,1084,198611823,193545179,0.0017570303455701124,0.001290693555539239
325,GCA_900068345.1,not found,0,0,416943,84904,645,0,285581,62685,950,208688959,200341347,0.0019979159510781783,0.0013684528466117846
326,GCA_900068815.1,not found,0,0,660967,146255,676,0,632176,137522,713,365010054,364338809,0.0018108186137798825,0.0017319413344159555
327,GCA_900068445.1,not found,0,0,362465,52980,1308,0,316465,44648,1563,274791475,271477096,0.0013190547486962615,0.0011516550868253827
328,GCA_900068735.1,not found,0,0,366184,56694,1241,0,277083,42270,1698,279264790,273697855,0.0013112429962975282,0.0009921873788672035
329,GCA_900068705.1,not found,0,0,400982,83190,892,0,361354,77818,964,260993945,258538694,0.0015363651444097678,0.0013845302043309854
330,GCA_900068335.1,not found,0,0,413770,73666,861,0,272638,52366,1326,241555716,232196037,0.0017129381446721798,0.0011286754232717059
331,GCA_900068465.1,not found,0,0,357414,41187,1758,0,295802,31477,2267,331887318,327346394,0.0010769137011737218,0.0008912723805855094
332,GCA_900068475.1,not found,0,0,356240,69602,807,0,322774,62258,916,210868349,209812649,0.00168939531081547,0.0015306896531920966
333,GCA_900068355.1,not found,0,0,391065,69364,1419,0,311975,52896,1814,355087834,349173903,0.0011013190612438725,0.0008785854375399412
334,GCA_900068455.1,not found,0,0,357771,71034,789,0,312523,60685,944,212767244,210371310,0.0016815135322239734,0.0014688492181625476
335,GCA_900068225.1,not found,0,0,411935,81393,1154,0,355741,66944,1388,337370441,333592243,0.0012210168702954034,0.0010544521889515508
336,GCA_900068325.1,not found,0,0,349293,62010,1215,0,326613,57254,1321,261728519,261168847,0.0013345622453929066,0.0012479075694460334
337,GCA_002093875.1,not found,0,0,645677,83269,4472,0,8896,1013,422252,1628352544,1323368550,0.000396521626953039,5.463190408477048e-06
338,GCA_002091835.1,not found,0,0,67505,3383,38030,0,50590,654,198528,462688933,441164621,0.00014589715721599072,0.00010933911834022621
339,GCA_002091845.1,not found,0,0,104896,9981,9003,0,34365,636,153896,326465827,325760517,0.0003213077490036959,0.00010526369732413065
340,GCA_001932985.1,found,0,0,14761,76,781095,0,14695,70,862345,208907727,208901127,7.06579895917397e-05,7.034206063617742e-05
341,GCA_900005825.1,not found,0,0,24952,158,154800,0,23763,17,1871155,85491412,84367427,0.00029186557358533275,0.0002779577438725658
342,GCA_001855655.1,found,0,0,50757,6777,8276,0,36600,3959,13761,255343917,254851957,0.0001987789668002939,0.00014333609521624123
343,GCA_001752445.1,found,0,0,81212,8668,3365,0,48067,6139,4855,123674749,120522373,0.00065665789222665,0.0003886565397436141
344,GCA_001735585.1,not found,0,0,275340,25198,5106,0,187166,17324,7184,532827421,523151953,0.0005167526841678818,0.0003512694591594602
345,GCA_900080175.1,not found,0,0,37035,6832,6630,0,37035,6832,6630,172235699,172235699,0.00021502510928352896,0.00021502510928352896
346,GCA_001676475.1,not found,0,0,1218273,332505,457,0,1218273,332505,457,509522935,509522935,0.002391007187929627,0.002391007187929627
347,GCA_001676355.1,not found,0,0,381865,84280,529,0,381865,84280,529,174117300,174117300,0.0021931479525584188,0.0021931479525584188
348,GCA_001676325.1,not found,0,0,432491,66116,846,0,432491,66116,846,271924966,271924966,0.0015904791912339524,0.0015904791912339524
349,GCA_001675545.1,not found,0,0,165649,35020,1100,0,165649,35020,1100,131999552,131999552,0.0012549209257922329,0.0012549209257922329
350,GCA_001663875.1,not found,0,0,5275,1829,519,0,5275,1829,519,2664625,2664625,0.0019796406623821365,0.0019796406623821365
351,GCA_001625245.1,not found,0,0,128193,17200,11646,0,60049,852,233537,728788927,689047307,0.0001758986659247088,8.239559874652157e-05
352,GCA_900050545.1,not found,0,0,80611,14459,4604,0,80386,14380,4626,237582517,237562088,0.0003392968515440048,0.00033834981216231494
353,GCA_900064475.1,not found,0,0,67377,7803,9727,0,66857,7666,9893,284990201,284917583,0.00023641865496982473,0.00023459403083125654
354,GCA_900065295.1,not found,0,0,61408,8031,6250,0,60102,7681,6538,191208351,191147273,0.0003211575209913295,0.00031432727538139796
355,GCA_900060175.1,not found,0,0,33491,3459,24304,0,32723,3321,25373,304570832,304510033,0.00010996128480221638,0.00010743970387814418
356,GCA_001586405.1,not found,0,0,18885,3170,26405,0,3484,267,299140,287490372,277394995,6.568915636590432e-05,1.2118666707906308e-05
357,GCA_001542645.1,not found,0,0,8000,508,101465,1,8000,508,101465,293748066,293748066,2.7234221858672595e-05,2.7234221858672595e-05
358,GCA_001510915.1,not found,0,0,156008,47907,427,0,146624,45654,449,63293104,62795009,0.002464849883172107,0.002316587285717572
359,GCA_001486765.1,not found,0,0,200726,23035,3030,0,169932,18253,3847,279582889,278066286,0.0007179480858715928,0.0006078054369056899
360,GCA_001486745.1,not found,0,0,18461,3374,497,0,14897,2858,624,7865038,7541392,0.0023472232429137658,0.0018940785791499036
361,GCA_001486725.1,not found,0,0,13152,2343,629,0,10899,2018,756,6245958,6063772,0.0021056817865249813,0.001744968506032221
362,GCA_001486685.1,not found,0,0,72625,21599,310,0,61441,17923,357,23913413,23255818,0.0030369985246355255,0.0025693112062255604
363,GCA_001486645.1,not found,0,0,17725,2838,531,0,14220,2297,685,7871073,7576070,0.002251916606541446,0.001806615184486283
364,GCA_001486605.1,not found,0,0,25795,5957,353,0,21334,4719,450,9627372,9343788,0.002679339699348898,0.002215973372588075
365,GCA_001486245.1,not found,0,0,38480,10767,311,0,32363,8876,363,12807014,12410584,0.0030046035711368785,0.0025269746718477857
366,GCA_001486125.1,not found,0,0,42467,10437,327,0,35022,8128,410,15161735,14693725,0.0028009327428556163,0.0023098939534294725
367,GCA_001485985.1,not found,0,0,234741,28708,2400,0,164030,17025,4182,282526854,277081050,0.000830862612443913,0.0005805819789434954
368,GCA_001485965.1,not found,0,0,238136,27397,2386,0,160084,16138,4281,259837422,254473801,0.000916480767731755,0.0006160929352200855
369,GCA_001485905.1,not found,0,0,220156,26327,2498,0,184819,20416,3262,266946155,264828702,0.0008247206257756363,0.0006923456155418309
370,GCA_001485725.1,not found,0,0,18365,2600,504,0,14445,2184,667,8082514,7761025,0.002272189073845093,0.001787191460478757
371,GCA_001443705.1,not found,0,0,26405,3553,33367,0,26405,3553,33367,423765647,423765647,6.231038355027396e-05,6.231038355027396e-05
372,GCA_000349065.1,found,0,0,17590,1283,39415,0,2823,54,1641272,283828998,208966669,6.197393544686367e-05,9.946129605826957e-06
373,GCA_000349105.1,not found,0,0,7793,607,88996,0,2673,157,366526,223486714,202632179,3.487008180718967e-05,1.1960442534404975e-05
374,GCA_000349145.1,found,0,0,8257,707,76300,0,1266,9,6906475,216307690,197741572,3.817247551393111e-05,5.852773888898726e-06
375,GCA_000349165.1,found,0,0,31483,5306,8461,0,30369,5048,9057,172658580,169987185,0.0001823425166591779,0.00017589047703276604
376,GCA_000349185.1,found,0,0,10179,796,74117,0,1214,14,5604218,246567867,211443117,4.128275157605999e-05,4.923593713855666e-06
377,GCA_000349025.1,found,0,0,6168,374,123292,0,678,6,10313149,201793324,186406809,3.056592694810855e-05,3.3598732929341112e-06
378,GCA_000346575.1,not found,0,0,43457,5123,16944,0,12599,148,628061,336521443,306089022,0.00012913590174995178,3.7438921834172686e-05
379,GCA_001404035.1,not found,0,0,283,65,23721,0,283,65,23721,5237693,5237693,5.403142184927601e-05,5.403142184927601e-05
380,GCA_001276565.1,not found,0,0,38604,5933,12520,0,2866,42,1864352,256302695,250811466,0.00015061878299797043,1.1182090769665922e-05
381,GCA_001278395.1,not found,0,0,55263,5005,16756,0,29977,160,525349,298169737,289597639,0.0001853407410021628,0.00010053669531190552
382,GCA_001266575.1,not found,0,0,51007,6070,28848,0,25801,2821,65630,638207720,624704237,7.99222547793687e-05,4.042727656130515e-05
383,GCA_000298335.1,found,0,0,188324,12654,3826,0,26354,1494,23589,253560284,216093880,0.0007427188399899411,0.00010393583562952627
384,GCA_000281935.1,not found,0,0,94953,10085,4038,0,94953,10085,4038,155727465,155727465,0.0006097383014614667,0.0006097383014614667
385,GCA_000281835.1,not found,0,0,2934,767,4805,0,2934,767,4805,12078284,12078284,0.00024291530154449092,0.00024291530154449092
386,GCA_000265325.1,found,0,0,35696,5523,7481,0,11532,491,85093,154229266,142772392,0.0002314476423689911,7.477180109253713e-05
387,GCA_000262795.1,found,0,0,139199,16042,5795,0,106826,2066,27956,363767980,345389541,0.0003826587485792455,0.0002936652093458033
388,GCA_000341915.2,not found,0,0,395233,80113,931,0,231041,21957,5716,489347612,303739249,0.0008076732987102019,0.00047214085515962423
389,GCA_001077435.1,found,0,0,24071,2012,49769,0,24071,2012,49769,363107242,363107242,6.629171003975734e-05,6.629171003975734e-05
390,GCA_001047195.1,not found,0,0,731319,127790,1035,0,287425,94490,1715,494580772,425713100,0.0014786644394659159,0.000581148755212829
391,GCA_001045655.1,not found,0,0,36827,3622,17048,0,36804,3622,17057,236236391,236199482,0.00015589046143191376,0.00015579310132620507
392,GCA_001017535.1,not found,0,0,830247,149416,600,0,186864,46183,3390,541697276,360482238,0.0015326770814332099,0.00034496019876607245
393,GCA_001017515.1,not found,0,0,566339,90258,906,0,183295,56190,1969,342257700,272683378,0.0016547151459265928,0.0005355467532213301
394,GCA_001017275.1,not found,0,0,605779,82190,1086,0,197510,58220,2418,459231066,328727472,0.0013191158979649691,0.0004300884992828425
395,GCA_001015235.1,not found,0,0,349764,47741,1477,0,135449,33699,2517,315521093,266554742,0.0011085281071842635,0.00042928667212749545
396,GCA_001015215.1,not found,0,0,480162,62508,1778,0,133294,27314,5217,516230974,410965935,0.0009301301630149763,0.00025820612615933426
397,GCA_001015175.1,found,0,0,296568,30986,3270,0,121379,24576,4558,412270594,367267497,0.0007193527850788213,0.0002944158563974611
398,GCA_001015145.1,not found,0,0,514702,109911,405,0,146196,45412,2265,315428702,169018756,0.001631753853522182,0.00046348350379351336
399,GCA_001015115.1,not found,0,0,530929,117821,387,0,139046,46192,1675,233053157,174886694,0.0022781454962225636,0.0005966278328510264
400,GCA_001015075.1,not found,0,0,358649,53479,1781,0,172401,44052,2483,399685866,361296363,0.0008973272024585428,0.00043134124737851
401,GCA_001014945.1,not found,0,0,84499,6366,9372,0,42886,4627,13081,256248749,246795036,0.0003297538049639415,0.00016736081704734487
402,GCA_001014935.1,found,0,0,55451,9596,1816,0,31049,8988,2213,69698627,60933153,0.0007955823864363927,0.00044547505935805593
403,GCA_001014895.1,not found,0,0,1137611,154173,1212,0,319196,72306,3532,890457210,693401435,0.0012775583006397354,0.00035846304169966797
404,GCA_001014875.1,not found,0,0,549779,87291,1110,0,211317,65471,2239,451941653,339432283,0.0012164822524114633,0.0004675758443535188
405,GCA_001014845.1,not found,0,0,270457,35753,3304,0,95131,20128,6407,441264227,396458951,0.0006129139491744931,0.0002155873832029443
406,GCA_001014835.1,not found,0,0,326410,42570,1613,0,92075,18283,4679,319935455,270314107,0.0010202370349981999,0.00028779242363119776
407,GCA_001014815.1,not found,0,0,235087,31856,2040,0,80757,19792,4087,269281158,225357650,0.0008730168933691231,0.00029989844295010053
408,GCA_001014665.1,not found,0,0,162652,29164,865,0,66952,24572,1424,97281263,81075217,0.0016719766477538433,0.000688231196175979
409,GCA_001014675.1,not found,0,0,352211,46338,2117,0,61434,9115,11309,410872512,367260584,0.0008572269736068399,0.0001495208323890015
410,GCA_001014575.1,not found,0,0,56732,7974,2825,0,33166,6594,3571,99885510,92626892,0.0005679702691611626,0.0003320401527709074
411,GCA_001014515.1,found,0,0,170906,23664,3909,0,32924,4597,20491,348062779,335435983,0.0004910206155654466,9.45921310362232e-05
412,GCA_001014505.1,not found,0,0,49289,5244,7097,0,29677,3667,9868,154533842,150778722,0.0003189527896420255,0.00019204207710049687
413,GCA_001014435.1,not found,0,0,66657,7015,5103,0,28220,3636,9692,146853489,138178564,0.0004539013710460771,0.00019216431418936188
414,GCA_001014425.1,not found,0,0,36728,9957,1395,0,26743,9490,1520,41711596,40400007,0.0008805225290348516,0.0006411406554666477
415,GCA_001014415.1,found,0,0,49813,6065,6905,0,19473,2424,16703,155550413,152688128,0.0003202370153784163,0.00012518771004484572
416,GCA_001014335.1,not found,0,0,2969,201,145453,0,1732,131,242385,98759061,98473745,3.0063064289361764e-05,1.7537631306559304e-05
417,GCA_001012855.1,found,0,0,216053,17559,1979,0,15896,966,39211,151272366,130324231,0.0014282383869106668,0.00010508198172824242
418,GCA_000181055.3,not found,0,0,47726,4418,35751,0,16537,170,1088772,706824083,564634549,6.752175137756307e-05,2.3396203380353694e-05
419,GCA_000956275.1,found,0,0,41925,9242,4659,0,41925,9242,4659,151110088,151110088,0.00027744673141875216,0.00027744673141875216
420,GCA_000956255.1,found,0,0,20774,4426,10256,0,20774,4426,10256,146157495,146157495,0.00014213434624067687,0.00014213434624067687
421,GCA_000956265.1,found,0,0,27543,5405,8763,0,27543,5405,8763,161383639,161383639,0.00017066785809681737,0.00017066785809681737
422,GCA_000956215.1,found,0,0,14407,2352,16229,0,14407,2352,16229,146379160,146379160,9.842248035854285e-05,9.842248035854285e-05
423,GCA_000931545.1,not found,0,0,92145,8335,12225,0,60470,418,230841,374815656,361164441,0.0002458408514291089,0.00016133264187875867
424,GCA_000833685.1,not found,0,0,1499,12,378999,0,1499,12,378999,18613147,18613147,8.053447383185659e-05,8.053447383185659e-05
425,GCA_000819425.1,not found,0,0,528788,101096,504,0,522763,96702,527,243566977,242918913,0.002171016804137615,0.0021462802816656053
426,GCA_000818775.1,not found,0,0,31320,3801,24489,0,3926,187,575037,380104241,346049078,8.239844921909198e-05,1.032874558218886e-05
427,GCA_000786525.1,not found,0,0,64545,5754,7697,0,26025,799,57274,213462749,179565337,0.0003023712582282916,0.00012191822752174901
428,GCA_000786065.1,not found,0,0,2146,604,1459,0,1932,592,1494,3179848,3169679,0.0006748750254729157,0.0006075762111899688
429,GCA_000775305.1,not found,0,0,22152,1566,13687,1,4997,263,98263,89583723,88895117,0.0002472770639371619,5.57802224852834e-05
430,GCA_000441895.2,not found,0,0,27445,1685,30137,0,9592,66,814231,220777669,214511315,0.00012431057961754274,4.344642301663218e-05
431,GCA_000716385.1,not found,0,0,49844,7689,13489,1,8261,970,119328,389907520,360985414,0.00012783544159394514,2.1187075335197433e-05
432,GCA_000688715.1,not found,0,0,6859,560,167200,0,1726,95,1038751,357332231,351919810,1.919502190106103e-05,4.830238781342957e-06
433,GCA_000688735.1,not found,0,0,18631,1856,45924,0,2205,116,812585,370264922,353476084,5.031802607539474e-05,5.9551955072859965e-06
434,GCA_000695345.1,not found,0,0,90593,12007,7868,0,31960,1589,69551,519005690,404632819,0.00017455107284083918,6.157928634655239e-05
435,GCA_000671735.1,not found,0,0,13568,1535,64354,0,2395,179,561190,374774708,361276677,3.620308337349168e-05,6.390505946308415e-06
436,GCA_000671755.1,not found,0,0,16658,981,62009,0,1651,63,1209507,315360362,293469513,5.282211085234612e-05,5.235280646969831e-06
437,GCA_000473525.2,found,0,0,29466,5239,11312,0,20229,3627,18103,224162116,203428649,0.0001314495086225899,9.024272415415637e-05
438,GCA_000473845.2,found,0,0,13111,1216,48115,0,2027,53,1489982,288048996,217320349,4.5516562050436726e-05,7.036997275282987e-06
439,GCA_000516895.1,not found,0,0,1397492,174483,9587,0,1397492,174483,9587,5759798599,5759798599,0.00024262862250819475,0.00024262862250819475
440,GCA_000211455.3,found,0,0,2220,288,115072,0,2220,288,115072,136935538,136935538,1.621200772585419e-05,1.621200772585419e-05
441,GCA_000473505.1,found,0,0,9880,890,53613,0,1371,9,9206694,224290125,188952560,4.405008914235524e-05,6.11261864515881e-06
442,GCA_000473375.1,found,0,0,24182,3540,13414,0,16162,2479,22320,202998806,187158781,0.00011912385336887154,7.961623183143254e-05
443,GCA_000439205.1,found,0,0,59993,12379,2278,0,51048,11094,2577,98320046,98204067,0.0006101807560179538,0.0005192023608288385
444,GCA_000004775.1,found,0,0,373227,22433,1971,0,4912,64,759431,283606953,179091496,0.0013160008809798116,1.7319744625583986e-05
445,GCA_000004795.1,found,0,0,385077,23726,1876,0,5214,65,758407,285726340,181920785,0.0013477126400037182,1.824823010717178e-05
