tsa_id,tax_id,species,family_id,family_name,order_id,order_name,bioproject,biosample,sequence_read_archive
GHGY00000000.1,6741,Paralithodes camtschaticus,6739,Lithodidae,6683,Decapoda,PRJNA524065,"SAMN10988676,SAMN10988677,SAMN10988679,SAMN10988680,SAMN10988681,SAMN10988682,SAMN10988684,SAMN10988686,SAMN10988688,SAMN10988689,SAMN10988693,SAMN10988694,SAMN10988696,SAMN10988697,SAMN10988698,SAMN10988699,SAMN10988700,SAMN10988702","SRR8608948,SRR8608949,SRR8608953,SRR8608956,SRR8608958,SRR8608959,SRR8608960,SRR8608962,SRR8608963,SRR8608964,SRR8608965,SRR8608966,SRR8608969,SRR8608970,SRR8608971,SRR8608972,SRR8608975,SRR8608976"
GGTU00000000.1,162038,Penaeus longistylus,6685,Penaeidae,6683,Decapoda,PRJNA482687,"SAMN09711330,SAMN09711331,SAMN09711332","SRR7594106,SRR7594110,SRR7594111,SRR7594119,SRR7594120,SRR7594121"
GGTT00000000.1,161925,Penaeus latisulcatus,6685,Penaeidae,6683,Decapoda,PRJNA482687,"SAMN09711328,SAMN09711329","SRR7594108,SRR7594109,SRR7594122,SRR7594123"
GGTS00000000.1,6687,Penaeus monodon,6685,Penaeidae,6683,Decapoda,PRJNA482687,"SAMN08741491,SAMN08741493,SAMN08741509","SRR6868121,SRR6868134,SRR6868136,SRR6868168"
GGTR00000000.1,161923,Penaeus esculentus,6685,Penaeidae,6683,Decapoda,PRJNA482687,"SAMN09711324,SAMN09711325","SRR7594112,SRR7594113,SRR7594128,SRR7594129"
GGTQ00000000.1,32278,Metapenaeus ensis,6685,Penaeidae,6683,Decapoda,PRJNA482687,"SAMN09711321,SAMN09711322,SAMN09711323","SRR7594096,SRR7594103,SRR7594104,SRR7594126,SRR7594127,SRR7594132"
GGTP00000000.1,2034847,Metapenaeus endeavouri,6685,Penaeidae,6683,Decapoda,PRJNA482687,"SAMN09711318,SAMN09711319,SAMN09711320","SRR7594095,SRR7594097,SRR7594098,SRR7594130,SRR7594131,SRR7594133"
GGTO00000000.1,6689,Penaeus vannamei,6685,Penaeidae,6683,Decapoda,PRJNA482687,"SAMN09711339,SAMN09711340,SAMN09711341","SRR7594088,SRR7594089,SRR7594090,SRR7594099,SRR7594100,SRR7594102"
GGTN00000000.1,71412,Penaeus merguiensis,6685,Penaeidae,6683,Decapoda,PRJNA482687,"SAMN09711333,SAMN09711334,SAMN09711335","SRR7594091,SRR7594092,SRR7594105,SRR7594116,SRR7594117,SRR7594118"
GFVL00000000.1,317513,Parhyale hawaiensis,199478,Hyalidae,6821,Amphipoda,PRJNA399131,"SAMN07522954,SAMN07522955,SAMN07522956,SAMN07522957,SAMN07522958,SAMN07522959,SAMN07522960,SAMN07522961","SRR5947979,SRR5947980,SRR5947981,SRR5947982,SRR5947983,SRR5947984,SRR5947985,SRR5947986"
GHUJ00000000.1,6737,Panulirus argus,6731,Palinuridae,6683,Decapoda,PRJNA476144,"SAMN09426683,SAMN09426684,SAMN09426685,SAMN09426686,SAMN09426687,SAMN09426688,SAMN09426689,SAMN09426690,SAMN09426691,SAMN09426692,SAMN09426693,SAMN09426694,SAMN09426695,SAMN09426696,SAMN09426697,SAMN09426698,SAMN09426699,SAMN09426700,SAMN09426701,SAMN09426702,SAMN09426703,SAMN09426704,SAMN09426705,SAMN09426706","SRR7359927,SRR7359928,SRR7359929,SRR7359930,SRR7359931,SRR7359932,SRR7359933,SRR7359934,SRR7359935,SRR7359936,SRR7359937,SRR7359938,SRR7359939,SRR7359940,SRR7359941,SRR7359942,SRR7359943,SRR7359944,SRR7359945,SRR7359946,SRR7359947,SRR7359948,SRR7359949,SRR7359950"
GHUE00000000.1,6832,Tigriopus californicus,512265,Harpacticidae,41212,Harpacticoida,PRJNA504307,SAMN10390223,SRR8167998
GHOJ00000000.1,575568,Lysmata amboinensis,98089,Hippolytidae,6683,Decapoda,PRJNA548450,SAMN12027908,SRR9277361
GGRO00000000.1,35525,Daphnia magna,77658,Daphniidae,84337,Diplostraca,PRJNA476102,SAMN09425737,SRR7419487
GHMG00000000.1,159736,Macrobrachium nipponense,6695,Palaemonidae,6683,Decapoda,PRJNA388226,"SAMN07173398,SAMN07173399,SAMN07173400,SAMN07173401,SAMN07173402,SAMN07173403,SAMN07173404,SAMN07173405,SAMN07173406,SAMN07173407,SAMN07173408,SAMN07173409","SRR5787977,SRR5787978,SRR5787979,SRR5787980,SRR5787981,SRR5787982,SRR5787983,SRR5787984,SRR5787985,SRR5787986,SRR5787987,SRR5787988"
GHBL00000000.1,94630,Semibalanus balanoides,1072554,Archaeobalanidae,116167,Sessilia,PRJNA496531,SAMN10316158,"SRR8117846,SRR8117847,SRR8117848,SRR8117849,SRR8117850,SRR8117851,SRR8117852,SRR8117853,SRR8117854,SRR8117855,SRR8117856,SRR8117857,SRR8117858,SRR8117859,SRR8117860,SRR8117861,SRR8117862,SRR8117863,SRR8117864,SRR8117865,SRR8117866,SRR8117867,SRR8117868,SRR8117869,SRR8117870,SRR8117871,SRR8117872,SRR8117873,SRR8117874,SRR8117875,SRR8117877,SRR8117878"
GHHW00000000.1,52945,Eulimnogammarus cyaneus,315662,Eulimnogammaridae,6821,Amphipoda,PRJNA505233,"SAMN10413037,SAMN10413049,SAMN10413059,SAMN10413070,SAMN10413082,SAMN10413094,SAMN10413105,SAMN10413112,SAMN10413121,SAMN10413133,SAMN10413145,SAMN10413157,SAMN10413169,SAMN10413170,SAMN10413180,SAMN10413191,SAMN10413201,SAMN10413213","SRR8205849,SRR8205867,SRR8205877,SRR8205885,SRR8205897,SRR8205898,SRR8205908,SRR8205913,SRR8205924,SRR8205936,SRR8205942,SRR8205957,SRR8205966,SRR8205974,SRR8205985,SRR8205996,SRR8206003,SRR8206017"
GHHU00000000.1,52639,Gammarus lacustris,36939,Gammaridae,6821,Amphipoda,PRJNA505233,"SAMN10413045,SAMN10413056,SAMN10413067,SAMN10413078,SAMN10413090,SAMN10413102,SAMN10413110,SAMN10413118,SAMN10413129,SAMN10413141,SAMN10413153,SAMN10413165,SAMN10413177,SAMN10413187,SAMN10413197,SAMN10413209","SRR8205852,SRR8205859,SRR8205873,SRR8205888,SRR8205904,SRR8205921,SRR8205937,SRR8205946,SRR8205950,SRR8205953,SRR8205978,SRR8205979,SRR8205992,SRR8206008,SRR8206009,SRR8206019"
GHHK00000000.1,36941,Eulimnogammarus verrucosus,315662,Eulimnogammaridae,6821,Amphipoda,PRJNA505233,"SAMN10413041,SAMN10413053,SAMN10413063,SAMN10413074,SAMN10413086,SAMN10413098,SAMN10413108,SAMN10413115,SAMN10413125,SAMN10413137,SAMN10413149,SAMN10413161,SAMN10413173,SAMN10413184,SAMN10413194,SAMN10413205,SAMN10413217","SRR8205840,SRR8205856,SRR8205863,SRR8205881,SRR8205894,SRR8205900,SRR8205917,SRR8205928,SRR8205932,SRR8205939,SRR8205961,SRR8205970,SRR8205981,SRR8205988,SRR8205999,SRR8206013,SRR8206022"
GHLB00000000.1,119369,Neocalanus flemingeri,6835,Calanidae,6833,Calanoida,PRJNA496596,SAMN10246082,SRR8081814
GHJD00000000.1,337810,Oratosquilla oratoria,84348,Squillidae,,,PRJNA531041,SAMN11349090,"SRR8857873,SRR8857874,SRR8857875,SRR8857876,SRR8857877,SRR8857878,SRR8857879,SRR8857880,SRR8857881,SRR8857882"
ICLE00000000.1,425018,Heterocypris incongruens,43954,Cyprididae,84318,Podocopida,PRJDB6884,"SAMD00115258,SAMD00115259","DRR127387,DRR127388"
GHFC00000000.1,1604590,Neolepas marisindica,479176,Eolepadidae,116166,Pedunculata,PRJNA516093,SAMN10786050,SRR8486071
GHDR00000000.1,337810,Oratosquilla oratoria,84348,Squillidae,,,PRJNA513161,SAMN10697320,"SRR8401970,SRR8401971,SRR8401972,SRR8401973,SRR8401974,SRR8401975,SRR8401976,SRR8401977,SRR8401978,SRR8401979"
GGMN00000000.1,82763,Idotea baltica,82764,Idoteidae,29979,Isopoda,PRJNA451082,SAMN08960750,SRR7056353
GGQV00000000.1,6689,Penaeus vannamei,6685,Penaeidae,6683,Decapoda,PRJNA427499,"SAMN08238637,SAMN08238638,SAMN08238640,SAMN08238641,SAMN08238642","SRR6488337,SRR6488339,SRR6488340,SRR6488341,SRR648838"
GHDQ00000000.1,230382,Macrobrachium tolmerum,6695,Palaemonidae,6683,Decapoda,PRJNA476471,"SAMN09435342,SAMN09435343","SRR7402068,SRR7402069"
GHDW00000000.1,230385,Macrobrachium novaehollandiae,6695,Palaemonidae,6683,Decapoda,PRJNA476471,"SAMN09435340,SAMN09435341","SRR7402063,SRR7402064"
GHDJ00000000.1,578589,Metapenaeus bennettae,6685,Penaeidae,6683,Decapoda,PRJNA509986,"SAMN10591639,SAMN10591640,SAMN10591641,SAMN10591642,SAMN10591643,SAMN10591644,SAMN10591645,SAMN10591646,SAMN10591647,SAMN10591648,SAMN10591649,SAMN10591650,SAMN10591651,SAMN10591652,SAMN10591653,SAMN10591654,SAMN10591655,SAMN10591656,SAMN10591657,SAMN10591658,SAMN10591659,SAMN10591660,SAMN10591661,SAMN10591662,SAMN10591663,SAMN10591664,SAMN10591665","SRR8316442,SRR8316443,SRR8316444,SRR8316445,SRR8316446,SRR8316447,SRR8316448,SRR8316449,SRR8316450,SRR8316451,SRR8316452,SRR8316453,SRR8316454,SRR8316455,SRR8316456,SRR8316457,SRR8316458,SRR8316459,SRR8316460,SRR8316461,SRR8316462,SRR8316463,SRR8316464,SRR8316465,SRR8316466,SRR8316467,SRR8316468"
GHDU00000000.1,2233812,Macrobrachium koombooloomba,6695,Palaemonidae,6683,Decapoda,PRJNA476471,SAMN09435344,SRR7402067
GHDT00000000.1,159738,Macrobrachium australiense,6695,Palaemonidae,6683,Decapoda,PRJNA476471,"SAMN09435338,SAMN09435339","SRR7402065,SRR7402067"
GHDA00000000.1,52638,Gammarus fossarum,36939,Gammaridae,6821,Amphipoda,PRJNA497972,SAMN10259937,SRR8089722
GHCY00000000.1,52638,Gammarus fossarum,36939,Gammaridae,6821,Amphipoda,PRJNA497972,SAMN10259935,SRR8089728
GHDB00000000.1,52638,Gammarus fossarum,36939,Gammaridae,6821,Amphipoda,PRJNA497972,SAMN10259939,SRR8089724
GHDC00000000.1,52638,Gammarus fossarum,36939,Gammaridae,6821,Amphipoda,PRJNA497972,SAMN10259938,SRR8089723
GHCZ00000000.1,52638,Gammarus fossarum,36939,Gammaridae,6821,Amphipoda,PRJNA497972,SAMN10259936,SRR8089729
GHCS00000000.1,52641,Gammarus pulex,36939,Gammaridae,6821,Amphipoda,PRJNA497972,SAMN10259942,SRR8089726
GHCQ00000000.1,52641,Gammarus pulex,36939,Gammaridae,6821,Amphipoda,PRJNA497972,SAMN10259941,SRR8089720
GHCU00000000.1,889313,Echinogammarus berilloni,36939,Gammaridae,6821,Amphipoda,PRJNA497972,SAMN10259947,SRR8089733
GHCP00000000.1,52641,Gammarus pulex,36939,Gammaridae,6821,Amphipoda,PRJNA497972,SAMN10259940,SRR8089725
GHCT00000000.1,889313,Echinogammarus berilloni,36939,Gammaridae,6821,Amphipoda,PRJNA497972,SAMN10259946,SRR8089732
GHCR00000000.1,52643,Gammarus wautieri,36939,Gammaridae,6821,Amphipoda,PRJNA497972,SAMN10259944,SRR8089730
GHCX00000000.1,52638,Gammarus fossarum,36939,Gammaridae,6821,Amphipoda,PRJNA497972,SAMN10259934,SRR8089727
GHCO00000000.1,52641,Gammarus pulex,36939,Gammaridae,6821,Amphipoda,PRJNA497972,SAMN10259943,SRR8089721
GHCW00000000.1,2596854,Marinogammarus marinus,36939,Gammaridae,6821,Amphipoda,PRJNA497972,SAMN10259948,SRR8089734
GHCV00000000.1,2596854,Marinogammarus marinus,36939,Gammaridae,6821,Amphipoda,PRJNA497972,SAMN10259949,SRR8089735
GHCN00000000.1,52643,Gammarus wautieri,36939,Gammaridae,6821,Amphipoda,PRJNA497972,SAMN10259945,SRR8089731
GHAP00000000.1,696196,Metabetaeus lohena,29966,Alpheidae,6683,Decapoda,PRJNA244748,"SAMN02728713,SAMN10290305","SRR1248247,SRR1248249"
GHAO00000000.1,1378269,Metabetaeus minutus,29966,Alpheidae,6683,Decapoda,PRJNA244748,"SAMN02728714,SAMN10290295","SRR1248250,SRR1248251"
GHAJ00000000.1,298420,Apocyclops royi,84315,Cyclopidae,84308,Cyclopoida,PRJEB28764,"SAMEA4938374,SAMEA4938375,SAMEA4938376,SAMEA4938377,SAMEA4938378,SAMEA4938379,SAMEA4938380,SAMEA4938381","ERR2811715,ERR2811728,ERR2811729,ERR2811730,ERR2811731,ERR2811732,ERR2811733,ERR2811734"
GGQN00000000.1,261852,Temora longicornis,88013,Temoridae,6833,Calanoida,PRJNA473764,SAMN09281287,"SRR7276750,SRR7276751,SRR7276752,SRR7276753,SRR7276754,SRR7276755,SRR7276756,SRR7276757,SRR7276758,SRR7276759,SRR7276760,SRR7276761"
GHBK00000000.1,373956,Halocaridina rubra,96235,Atyidae,6683,Decapoda,PRJNA304256,SAMN04296971,"SRR3089132,SRR3089133"
GHBJ00000000.1,399419,Antecaridina lauensis,96235,Atyidae,6683,Decapoda,PRJNA244748,SAMN10343327,"SRR1240510,SRR1248098"
GHBI00000000.1,418718,Halocaridinides trigonophthalma,96235,Atyidae,6683,Decapoda,PRJNA244748,SAMN10343275,"SRR1248237,SRR1248238"
GHBE00000000.1,1045379,Caridina rubella,96235,Atyidae,6683,Decapoda,PRJNA244748,SAMN10343310,"SRR1248099,SRR1248100,SRR1248101,SRR1248106"
GGLH00000000.1,6687,Penaeus monodon,6685,Penaeidae,6683,Decapoda,PRJNA421400,"SAMN08741487,SAMN08741488,SAMN08741489,SAMN08741490,SAMN08741491,SAMN08741492,SAMN08741493,SAMN08741494,SAMN08741495,SAMN08741496,SAMN08741497,SAMN08741498,SAMN08741499,SAMN08741500,SAMN08741501,SAMN08741502,SAMN08741503,SAMN08741504,SAMN08741505,SAMN08741506,SAMN08741507,SAMN08741508,SAMN08741509,SAMN08741510,SAMN08741511,SAMN08741512,SAMN08741513,SAMN08741514,SAMN08741515,SAMN08741516,SAMN08741517,SAMN08741518,SAMN08741519,SAMN08741520,SAMN08741521","SRR6868116,SRR6868117,SRR6868118,SRR6868119,SRR6868120,SRR6868121,SRR6868122,SRR6868123,SRR6868124,SRR6868125,SRR6868126,SRR6868127,SRR6868128,SRR6868129,SRR6868130,SRR6868131,SRR6868132,SRR6868133,SRR6868134,SRR6868135,SRR6868136,SRR6868137,SRR6868138,SRR6868139,SRR6868140,SRR6868141,SRR6868142,SRR6868143,SRR6868144,SRR6868145,SRR6868146,SRR6868147,SRR6868148,SRR6868149,SRR6868150,SRR6868151,SRR6868152,SRR6868153,SRR6868154,SRR6868155,SRR6868156,SRR6868157,SRR6868158,SRR6868159,SRR6868160,SRR6868161,SRR6868162,SRR6868163,SRR6868164,SRR6868165,SRR6868166,SRR6868167,SRR6868168,SRR6868169,SRR6868170,SRR6868171,SRR6868172"
GGXW00000000.1,27404,Daphnia galeata,77658,Daphniidae,84337,Diplostraca,PRJNA492212,"SAMN10095604,SAMN10095610,SAMN10095630,SAMN10095712,SAMN10095716,SAMN10095734,SAMN10095815,SAMN10095848,SAMN10095863,SAMN10095884,SAMN10095903,SAMN10095905","SRR7892557,SRR7892558,SRR7892559,SRR7892560,SRR7892561,SRR7892562,SRR7892563,SRR7892564,SRR7892565,SRR7892566,SRR7892567,SRR7892568"
GGXN00000000.1,274642,Neocaridina denticulata,96235,Atyidae,6683,Decapoda,PRJNA382065,"SAMN09780446,SAMN09780447,SAMN09780448,SAMN09780449,SAMN09780450,SAMN09780451,SAMN09780452,SAMN09780453,SAMN09780454","SRR7657762,SRR7657763,SRR7657764,SRR7657765,SRR7657766,SRR7657767,SRR7657768,SRR7657769,SRR7657770"
GGWI00000000.1,35525,Daphnia magna,77658,Daphniidae,84337,Diplostraca,PRJNA490613,SAMN10054298,SRR7825507
GGVZ00000000.1,439396,Acetes chinensis,111522,Sergestidae,6683,Decapoda,PRJNA488982,"SAMN09908180,SAMN09908181","SRR7750266,SRR7750267"
GGQT00000000.1,518670,Eogammarus possjeticus,315609,Anisogammaridae,6821,Amphipoda,PRJNA472854,SAMN09245614,"SRR7205157,SRR7205158,SRR7205159,SRR7205160,SRR7205161,SRR7205162,SRR7205163,SRR7205164"
GGUT00000000.1,6689,Penaeus vannamei,6685,Penaeidae,6683,Decapoda,PRJNA411958,"SAMN07685865,SAMN07685868,SAMN07685870,SAMN07685872,SAMN07685873,SAMN07686242,SAMN07692197,SAMN07692200,SAMN07701349,SAMN07701350,SAMN07701375,SAMN07701440,SAMN07701441,SAMN07701442","SRR6155954,SRR6155955,SRR6155956,SRR6155957,SRR6155958,SRR6155959,SRR6155960,SRR6155961,SRR6155962,SRR6155963,SRR6155964,SRR6155965,SRR6155966,SRR6155967"
GGUK00000000.1,6689,Penaeus vannamei,6685,Penaeidae,6683,Decapoda,PRJNA411958,"SAMN07685865,SAMN07685868,SAMN07685870,SAMN07685872,SAMN07685873,SAMN07686242,SAMN07692197,SAMN07692200,SAMN07701349,SAMN07701350,SAMN07701375,SAMN07701440,SAMN07701441,SAMN07701442","SRR6155954,SRR6155955,SRR6155956,SRR6155957,SRR6155958,SRR6155959,SRR6155960,SRR6155961,SRR6155962,SRR6155963,SRR6155964,SRR6155965,SRR6155966,SRR6155967"
GGRU00000000.1,491138,Crangon crangon,98081,Crangonidae,6683,Decapoda,PRJNA479562,SAMN09580251,"SRR7477266,SRR7477267"
GFPG00000000.1,647170,Palaemon varians,6695,Palaemonidae,6683,Decapoda,PRJNA389547,SAMN07201817,"SRR5658387,SRR5658389"
GGQQ00000000.1,337810,Oratosquilla oratoria,84348,Squillidae,,,PRJNA475657,SAMN09397885,"SRR7346277,SRR7346278,SRR7346279,SRR7346280,SRR7346281,SRR7346282,SRR7346283,SRR7346284,SRR7346285,SRR7346286,SRR7346287,SRR7346288"
GGQW00000000.1,2232072,Tracheliastes polycolpus,298494,Lernaeopodidae,72033,Siphonostomatoida,PRJNA476682,"SAMN09460265,SAMN09460266,SAMN09460267,SAMN09460268,SAMN09460269,SAMN09460270,SAMN09460271,SAMN09460272,SAMN09460273,SAMN09460274,SAMN09460275,SAMN09460276,SAMN09460277,SAMN09460278,SAMN09460279","SRR7411016,SRR7411017,SRR7411018,SRR7411019,SRR7411021,SRR7411022,SRR7411023,SRR7411024,SRR7411025,SRR7411026,SRR7411027,SRR7411028,SRR7411029,SRR7411030"
GGQP00000000.1,2184134,Diaphanosoma celebensis,77654,Sididae,84337,Diplostraca,PRJNA464191,"SAMN09078736,SAMN09078737,SAMN09078738,SAMN09078739,SAMN09078740,SAMN09078741,SAMN09078742,SAMN09078743","SRR7162633,SRR7162634,SRR7162635,SRR7162636,SRR7162637,SRR7162638,SRR7162639,SRR7162640"
GGQO00000000.1,95602,Eriocheir sinensis,72876,Varunidae,6683,Decapoda,PRJNA386404,SAMN06946596,"SRR5630805,SRR5630899,SRR5894901,SRR5895954,SRR7052450,SRR7052455,SRR7345569,SRR7345578,SRR7345579"
GGPK00000000.1,6706,Homarus americanus,6704,Nephropidae,6683,Decapoda,PRJNA412549,"SAMN09199110,SAMN09199111,SAMN09199112,SAMN09199113,SAMN09199114,SAMN09199115,SAMN09199116,SAMN09199117,SAMN09199118,SAMN09199119,SAMN09199120,SAMN09199121","SRR7156172,SRR7156173,SRR7156174,SRR7156175,SRR7156176,SRR7156177,SRR7156178,SRR7156179,SRR7156180,SRR7156181,SRR7156182,SRR7156183"
GFWO00000000.1,1501138,Labidocera madurae,163235,Pontellidae,6833,Calanoida,PRJNA324849,"SAMN06843749,SAMN06843750","SRR5922844,SRR5922845"
GFUD00000000.1,119369,Neocalanus flemingeri,6835,Calanidae,6833,Calanoida,PRJNA324453,"SAMN07269917,SAMN07269918,SAMN07269919,SAMN07269920,SAMN07269921,SAMN07269922,SAMN07269923,SAMN07269924","SRR5873554,SRR5873555,SRR5873556,SRR5873557,SRR5873558,SRR5873559,SRR5873560,SRR5873561"
GAXK00000000.1,6837,Calanus finmarchicus,6835,Calanidae,6833,Calanoida,PRJNA236528,"SAMN02597755,SAMN02597756,SAMN02597757,SAMN02597758,SAMN02597759,SAMN02597760","SRR1150766,SRR1150768,SRR1150770,SRR1150771,SRR1153468,SRR1153469"
HAEZ00000000.1,1281977,Proasellus hercegovinensis,63227,Asellidae,29979,Isopoda,PRJEB14193,SAMEA4019762,
GGJM00000000.1,37710,Lepas anatifera,38010,Lepadidae,116166,Pedunculata,PRJNA437397,SAMN08662092,SRR6818896
GGJN00000000.1,41117,Pollicipes pollicipes,629293,Pollicipedidae,116166,Pedunculata,PRJNA437397,SAMN08662077,SRR6818895
GGKO00000000.1,6689,Penaeus vannamei,6685,Penaeidae,6683,Decapoda,PRJNA428228,"SAMN08284571,SAMN08284577,SAMN08284587,SAMN08284592,SAMN08284597,SAMN08284603,SAMN08284606,SAMN08284617,SAMN08284620,SAMN08284625,SAMN08284626,SAMN08284631","SRR6466296,SRR6466301,SRR6466302,SRR6466307,SRR6466313,SRR6466321,SRR6466324,SRR6466326,SRR6466330,SRR6466339,SRR6466344,SRR6466353"
IACF00000000.1,1518452,Hirondellea gigas,134545,Lysianassidae,6821,Amphipoda,PRJDB3923,SAMD00071030,DRR086603
GGKR00000000.1,80839,Charybdis japonica,6757,Portunidae,6683,Decapoda,PRJNA391371,SAMN08763325,SRR6872642
HAHV00000000.1,2056173,Tisbe holothuriae,291241,Tisbidae,41212,Harpacticoida,PRJEB23629,SAMEA104412502,
GFYW00000000.1,6759,Carcinus maenas,1343471,Carcinidae,6683,Decapoda,PRJNA400568,"SAMN07782125,SAMN07782129","SRR6169949,SRR6169951,SRR6169952,SRR6169953,SRR6169954,SRR6169962,SRR6169980,SRR6169988,SRR6169989,SRR6169993"
GFXF00000000.1,6759,Carcinus maenas,1343471,Carcinidae,6683,Decapoda,PRJNA400568,"SAMN07602936,SAMN07602937,SAMN07602938,SAMN07602939,SAMN07602940","SRR6002269,SRR6002270,SRR6002271,SRR6002272,SRR6002273,SRR6002274,SRR6002275,SRR6002276,SRR6002277,SRR6002278,SRR6002279,SRR6002280,SRR6002281,SRR6002282,SRR6002283,SRR6002284,SRR6002285,SRR6002286,SRR6002287,SRR6002288,SRR6002289,SRR6002290,SRR6002291,SRR6002292,SRR6002293"
GFYV00000000.1,6759,Carcinus maenas,1343471,Carcinidae,6683,Decapoda,PRJNA400568,"SAMN07782124,SAMN07782125,SAMN07782126,SAMN07782127,SAMN07782128","SRR6169950,SRR6169962,SRR6169969,SRR6169970,SRR6169972,SRR6169973,SRR6169974,SRR6169975,SRR6169976,SRR6169977,SRR6169978,SRR6169979,SRR6169980,SRR6169981,SRR6169982,SRR6169983,SRR6169984,SRR6169985,SRR6169986,SRR6169988,SRR6169989,SRR6169992,SRR6169993,SRR6169994,SRR6169995"
GGHM00000000.1,95461,Jasus edwardsii,6731,Palinuridae,6683,Decapoda,PRJNA386609,"SAMN07337791,SAMN07337792,SAMN07337793,SAMN07337794,SAMN07337795,SAMN07337796,SAMN07337797,SAMN07337798,SAMN07337799,SAMN07337800","SRR6364915,SRR6364916,SRR6364917,SRR6364918,SRR6364919,SRR6364920,SRR6364921,SRR6364922,SRR6364923,SRR6364924"
GGFD00000000.1,65693,Charybdis feriata,6757,Portunidae,6683,Decapoda,PRJNA415670,SAMN07831626,SRR6214447
IACS00000000.1,429032,Grandidierella japonica,371451,Corophiidae,6821,Amphipoda,PRJDB5548,"SAMD00075281,SAMD00075282","DRR088406,DRR088407"
GGCF00000000.1,41117,Pollicipes pollicipes,629293,Pollicipedidae,116166,Pedunculata,PRJNA394196,"SAMN07352954,SAMN07352955,SAMN07352956,SAMN07352957","SRR5832119,SRR5832120"
GGCH00000000.1,41117,Pollicipes pollicipes,629293,Pollicipedidae,116166,Pedunculata,PRJNA394196,"SAMN07352956,SAMN07352957","SRR5832121,SRR5832122"
GFCI00000000.1,503034,Pleuromamma xiphias,122094,Metridinidae,6833,Calanoida,PRJNA352670,SAMN05990784,SRR5062200
GFCS00000000.1,6819,Euphausia superba,6817,Euphausiidae,6816,Euphausiacea,PRJNA326468,SAMN05278179,SRR4408478
GFZC00000000.1,411673,Portunus sanguinolentus,6757,Portunidae,6683,Decapoda,PRJNA415705,SAMN07832751,SRR6216182
HAES00000000.1,1281949,Proasellus cavaticus,63227,Asellidae,29979,Isopoda,PRJEB14193,SAMEA4019764,
HAFC00000000.1,1281987,Proasellus karamani,63227,Asellidae,29979,Isopoda,PRJEB14193,SAMEA4019761,
HAFE00000000.1,1282001,Proasellus meridianus,63227,Asellidae,29979,Isopoda,PRJEB14193,SAMEA4019754,
HAGX00000000.1,136180,Acartia tonsa,121147,Acartiidae,6833,Calanoida,PRJEB20069,"SAMEA103941916,SAMEA103941917,SAMEA103941918",
HAEV00000000.1,1281963,Proasellus escolai,63227,Asellidae,29979,Isopoda,PRJEB14193,SAMEA4019766,
HAFL00000000.1,1281946,Proasellus beticus,63227,Asellidae,29979,Isopoda,PRJEB14193,SAMEA4019745,
HAEM00000000.1,1281925,Bragasellus molinai,63227,Asellidae,29979,Isopoda,PRJEB14193,SAMEA4019750,
HAFG00000000.1,1282015,Proasellus parvulus,63227,Asellidae,29979,Isopoda,PRJEB14193,SAMEA4019758,
GFXJ00000000.1,45628,Gecarcoidea natalis,6764,Gecarcinidae,6683,Decapoda,PRJNA412130,SAMN07701445,SRR6075317
HAFI00000000.1,1282025,Proasellus rectus,63227,Asellidae,29979,Isopoda,PRJEB14193,SAMEA4019760,
HAFA00000000.1,1281981,Proasellus ibericus,63227,Asellidae,29979,Isopoda,PRJEB14193,SAMEA4019751,
HAFH00000000.1,1282023,Proasellus racovitzai,63227,Asellidae,29979,Isopoda,PRJEB14193,SAMEA4019765,
HAEQ00000000.1,1281940,Proasellus arthrodilus,63227,Asellidae,29979,Isopoda,PRJEB14193,SAMEA4019752,
HAEY00000000.1,1281974,Proasellus granadensis,63227,Asellidae,29979,Isopoda,PRJEB14193,SAMEA4019755,
HAEN00000000.1,1282048,Bragasellus peltatus,63227,Asellidae,29979,Isopoda,PRJEB14193,SAMEA4019749,
HAEU00000000.1,1281953,Proasellus coiffaiti,63227,Asellidae,29979,Isopoda,PRJEB14193,SAMEA4019763,
HACK00000000.1,27406,Cherax quadricarinatus,37850,Parastacidae,6683,Decapoda,PRJEB5112,"SAMEA2277320,SAMEA2277321,SAMEA2277322,SAMEA2277323",
HAFN00000000.1,27404,Daphnia galeata,77658,Daphniidae,84337,Diplostraca,PRJEB14950,SAMEA4358545,
HAFJ00000000.1,1282031,Proasellus solanasi,63227,Asellidae,29979,Isopoda,PRJEB14193,SAMEA4019756,
HAEW00000000.1,1281961,Proasellus ebrensis,63227,Asellidae,29979,Isopoda,PRJEB14193,SAMEA4019769,
HAET00000000.1,63229,Proasellus coxalis,63227,Asellidae,29979,Isopoda,PRJEB14193,SAMEA4019757,
HAFB00000000.1,1281986,Proasellus jaloniacus,63227,Asellidae,29979,Isopoda,PRJEB14193,SAMEA4019746,
HAEX00000000.1,1281973,Proasellus grafi,63227,Asellidae,29979,Isopoda,PRJEB14193,SAMEA4019768,
HAFD00000000.1,1281998,Proasellus margalefi,63227,Asellidae,29979,Isopoda,PRJEB14193,SAMEA4019753,
HAEO00000000.1,1281939,Proasellus aragonensis,63227,Asellidae,29979,Isopoda,PRJEB14193,SAMEA4019747,
HAER00000000.1,1281948,Proasellus cantabricus,63227,Asellidae,29979,Isopoda,PRJEB14193,SAMEA4019770,
HAFF00000000.1,1282012,Proasellus ortizi,63227,Asellidae,29979,Isopoda,PRJEB14193,SAMEA4019767,
HAEP00000000.1,1282049,Proasellus assaforensis,63227,Asellidae,29979,Isopoda,PRJEB14193,SAMEA4019759,
HAFK00000000.1,1282033,Proasellus spelaeus,63227,Asellidae,29979,Isopoda,PRJEB14193,SAMEA4019748,
HACH00000000.1,361634,Hyas araneus,6805,Majidae,6683,Decapoda,PRJEB1298,,"ERR220348,ERR220349,ERR220379,ERR220380,ERR220381,ERR220382,ERR220383,ERR220384,ERR220385,ERR220386"
HADC00000000.1,732109,Gammarus chevreuxi,36939,Gammaridae,6821,Amphipoda,PRJEB11518,,
HACJ00000000.1,113644,Calanus glacialis,6835,Calanidae,6833,Calanoida,PRJNA274584,SAMN03329523,
HAFM00000000.1,52641,Gammarus pulex,36939,Gammaridae,6821,Amphipoda,PRJEB13055,SAMEA3902403,
GFWY00000000.1,136180,Acartia tonsa,121147,Acartiidae,6833,Calanoida,PRJNA407266,SAMN07644977,SRR6038073
GFUA00000000.1,569818,Epischura baikalensis,88013,Temoridae,6833,Calanoida,PRJNA395558,SAMN07409841,SRR5877063
GFUC00000000.1,6706,Homarus americanus,6704,Nephropidae,6683,Decapoda,PRJNA379629,"SAMN06697957,SAMN06697958,SAMN06697959,SAMN06697960","SRR5428110,SRR5428111,SRR5428112,SRR5428113"
GFRT00000000.1,161924,Penaeus penicillatus,6685,Penaeidae,6683,Decapoda,PRJNA392833,SAMN07311128,SRR5798783
GFRP00000000.1,6689,Penaeus vannamei,6685,Penaeidae,6683,Decapoda,PRJNA391096,"SAMN07257376,SAMN07257377","SRR5722970,SRR5722971"
IABX00000000.1,293153,Caridina multidentata,96235,Atyidae,6683,Decapoda,PRJDB4543,SAMD00046540,"DRR054560,DRR054561,DRR054562"
IABZ00000000.1,142080,Ligia exotica,96854,Ligiidae,29979,Isopoda,PRJDB4544,SAMD00046538,"DRR054553,DRR054554"
GFPO00000000.1,80839,Charybdis japonica,6757,Portunidae,6683,Decapoda,PRJNA391371,SAMN07267240,SRR5738272
GEZX00000000.1,1518452,Hirondellea gigas,134545,Lysianassidae,6821,Amphipoda,PRJNA328366,SAMN05370139,SRR3822238
GFJG00000000.1,108111,Eurypanopeus depressus,108099,Panopeidae,6683,Decapoda,PRJNA376168,"SAMN06351232,SAMN06351233,SAMN06351234,SAMN06351235,SAMN06351236,SAMN06351237,SAMN06351238,SAMN06351239,SAMN06351240,SAMN06351241,SAMN06351242,SAMN06351243,SAMN06351244,SAMN06351245,SAMN06351246","SRR5277204,SRR5277205,SRR5277206,SRR5277207,SRR5277208,SRR5277209,SRR5277210,SRR5277211,SRR5277212,SRR5277213,SRR5277214,SRR5277215,SRR5277216,SRR5277217,SRR5277218"
GFFH00000000.1,337810,Oratosquilla oratoria,84348,Squillidae,,,PRJNA360549,SAMN06204661,SRR5145906
GFDA00000000.1,6706,Homarus americanus,6704,Nephropidae,6683,Decapoda,PRJNA338672,SAMN05712019,"SRR4101279,SRR4101280,SRR4101281,SRR4101282"
GFBK00000000.1,95602,Eriocheir sinensis,72876,Varunidae,6683,Decapoda,PRJNA350735,"SAMN05945904,SAMN05945907,SAMN05945911,SAMN05945912,SAMN05945913","SRR4454190,SRR4454191,SRR4454192,SRR4454193,SRR4454194"
GFFJ00000000.1,210409,Portunus trituberculatus,6757,Portunidae,6683,Decapoda,PRJNA361004,SAMN06191498,"SRR1013694,SRR1013695,SRR1013696,SRR1168416,SRR1168417"
GFCV00000000.1,732109,Gammarus chevreuxi,36939,Gammaridae,6821,Amphipoda,PRJNA357029,"SAMN06140928,SAMN06140929,SAMN06140930,SAMN06140931,SAMN06140932,SAMN06140933,SAMN06140934,SAMN06140935,SAMN06140936","SRR5109797,SRR5109798,SRR5109799,SRR5109800,SRR5109801,SRR5109802,SRR5109803,SRR5109804,SRR5109805"
HAAW00000000.1,6689,Penaeus vannamei,6685,Penaeidae,6683,Decapoda,PRJEB4317,SAMEA2154031,ERR313300
HAAI00000000.1,361634,Hyas araneus,6805,Majidae,6683,Decapoda,PRJEB1422,,ERP002128
GFCA00000000.1,6687,Penaeus monodon,6685,Penaeidae,6683,Decapoda,PRJNA321953,"SAMN03329577,SAMN03329578,SAMN03329579,SAMN03329580","SRR1805121,SRR1805122,SRR1805123,SRR1805124"
GFBL00000000.1,95602,Eriocheir sinensis,72876,Varunidae,6683,Decapoda,PRJNA319468,"SAMN04892867,SAMN04892868,SAMN04892869,SAMN04892870,SAMN04892871,SAMN04892872,SAMN04892873,SAMN04892874","SRR3623083,SRR3623084,SRR3623085,SRR3623086,SRR3623087,SRR3623088,SRR3623089,SRR3623090"
GEAN00000000.1,88015,Eurytemora affinis,88013,Temoridae,6833,Calanoida,PRJNA278152,"SAMN04100881,SAMN04100882,SAMN04100883,SAMN04100884,SAMN04100885,SAMN04100886","SRR2551252,SRR2551257,SRR2551514,SRR2551711,SRR2551712,SRR2551713"
GESR00000000.1,698372,Eulimnogammarus violaceus,315662,Eulimnogammaridae,6821,Amphipoda,PRJNA321360,SAMN04909684,SRR3467055
GERM00000000.1,65457,Dorogostaiskia parasitica,315608,Acanthogammaridae,6821,Amphipoda,PRJNA321360,SAMN04909627,SRR3467102
GESQ00000000.1,1842067,Eulimnogammarus ussolzewii,315662,Eulimnogammaridae,6821,Amphipoda,PRJNA321360,SAMN04909686,SRR3467054
GERL00000000.1,315614,Poekilogammarus pictoides,315608,Acanthogammaridae,6821,Amphipoda,PRJNA321360,SAMN04909628,SRR3467101
GEQW00000000.1,86506,Palicarinus puzyllii,315608,Acanthogammaridae,6821,Amphipoda,PRJNA321360,SAMN04909629,SRR3467100
GERB00000000.1,1842079,Parapallasea wosnessenskii,315608,Acanthogammaridae,6821,Amphipoda,PRJNA321360,SAMN04909631,SRR3467099
GEQR00000000.1,315607,Ommatogammarus albinus,315662,Eulimnogammaridae,6821,Amphipoda,PRJNA321360,SAMN04909653,SRR3467085
GEQP00000000.1,686708,Micruropus wahlii,315599,Micruropodidae,6821,Amphipoda,PRJNA321360,SAMN04909654,SRR3467083
GERK00000000.1,315711,Parapallasea borowskii,315608,Acanthogammaridae,6821,Amphipoda,PRJNA321360,SAMN04909630,SRR3467098
GEQZ00000000.1,1842046,Pallasea sp. gam7.3,315689,Pallaseidae,6821,Amphipoda,PRJNA321360,SAMN04909634,SRR3467096
GERA00000000.1,1842081,Pandorites podoceroides,315623,Pontogammaridae,6821,Amphipoda,PRJNA321360,SAMN04909632,SRR3467097
GERI00000000.1,52949,Pallasea cancellus,315689,Pallaseidae,6821,Amphipoda,PRJNA321360,SAMN04909636,SRR3467093
GEQY00000000.1,686709,Pallaseopsis kessleri,315689,Pallaseidae,6821,Amphipoda,PRJNA321360,SAMN04909633,SRR3467095
GERJ00000000.1,52950,Pallasea grubei,315689,Pallaseidae,6821,Amphipoda,PRJNA321360,SAMN04909635,SRR3467094
GEQX00000000.1,315710,Pallasea cancelloides,315689,Pallaseidae,6821,Amphipoda,PRJNA321360,SAMN04909640,SRR3467092
GERF00000000.1,315710,Pallasea cancelloides,315689,Pallaseidae,6821,Amphipoda,PRJNA321360,SAMN04909639,SRR3467091
GEQV00000000.1,1842078,Pentagonurus dawydowi,315689,Pallaseidae,6821,Amphipoda,PRJNA321360,SAMN04909650,SRR3467090
GERE00000000.1,1842077,Homalogammarus brandtii,315689,Pallaseidae,6821,Amphipoda,PRJNA321360,SAMN04909652,SRR3467089
GEQT00000000.1,1842083,Pachyschesis branchialis,315696,Pachyschesidae,6821,Amphipoda,PRJNA321360,SAMN04909637,SRR3467087
GEQU00000000.1,1842083,Pachyschesis branchialis,315696,Pachyschesidae,6821,Amphipoda,PRJNA321360,SAMN04909638,SRR3467088
GERH00000000.1,686705,Linevichella vortex,315599,Micruropodidae,6821,Amphipoda,PRJNA321360,SAMN04909656,SRR3467082
GEQS00000000.1,75829,Ommatogammarus flavus,315662,Eulimnogammaridae,6821,Amphipoda,PRJNA321360,SAMN04909651,SRR3467086
GEQQ00000000.1,65461,Odontogammarus calcaratus,315662,Eulimnogammaridae,6821,Amphipoda,PRJNA321360,SAMN04909655,SRR3467084
GEQM00000000.1,1842076,Macropereiopus parvus,315662,Eulimnogammaridae,6821,Amphipoda,PRJNA321360,SAMN04909659,SRR3467079
GEQO00000000.1,1842063,Micruropus parvulus,315599,Micruropodidae,6821,Amphipoda,PRJNA321360,SAMN04909658,SRR3467081
GEQN00000000.1,315602,Micruropus glaber,315599,Micruropodidae,6821,Amphipoda,PRJNA321360,SAMN04909657,SRR3467080
GEQG00000000.1,1842071,Hyalellopsis costata,315608,Acanthogammaridae,6821,Amphipoda,PRJNA321360,SAMN04909665,SRR3467073
GEQF00000000.1,1842070,Hyalellopsis carinata,315608,Acanthogammaridae,6821,Amphipoda,PRJNA321360,SAMN04909667,SRR3467072
GEQC00000000.1,36941,Eulimnogammarus verrucosus,315662,Eulimnogammaridae,6821,Amphipoda,PRJNA321360,SAMN04909671,SRR3467068
GEQJ00000000.1,1842074,Hyalellopsis stebbingi,315608,Acanthogammaridae,6821,Amphipoda,PRJNA321360,SAMN04909662,SRR3467076
GEQL00000000.1,1842075,Macropereiopus wagneri,315662,Eulimnogammaridae,6821,Amphipoda,PRJNA321360,SAMN04909661,SRR3467078
GEQK00000000.1,65455,Macrohectopus branickii,315682,Macrohectopidae,6821,Amphipoda,PRJNA321360,SAMN04909663,SRR3467077
GEQI00000000.1,1842073,Hyalellopsis setosa,315608,Acanthogammaridae,6821,Amphipoda,PRJNA321360,SAMN04909664,SRR3467075
GEQH00000000.1,1842072,Hyalellopsis grisea,315608,Acanthogammaridae,6821,Amphipoda,PRJNA321360,SAMN04909666,SRR3467074
GEQE00000000.1,686704,Gmelinoides fasciatus,315599,Micruropodidae,6821,Amphipoda,PRJNA321360,SAMN04909668,SRR3467071
GERD00000000.1,52639,Gammarus lacustris,36939,Gammaridae,6821,Amphipoda,PRJNA321360,SAMN04909669,SRR3467069
GEQD00000000.1,1842069,Garjajewia dershawini,315608,Acanthogammaridae,6821,Amphipoda,PRJNA321360,SAMN04909670,SRR3467070
GEQB00000000.1,1842045,Eulimnogammarus sp. gam16.4,315662,Eulimnogammaridae,6821,Amphipoda,PRJNA321360,SAMN04909673,SRR3467067
GEQA00000000.1,1842044,Eulimnogammarus sp. gam2quest,315662,Eulimnogammaridae,6821,Amphipoda,PRJNA321360,SAMN04909672,SRR3467066
GEPZ00000000.1,1842062,Eulimnogammarus messerschmidtii,315662,Eulimnogammaridae,6821,Amphipoda,PRJNA321360,SAMN04909674,SRR3467065
GEPX00000000.1,75818,Eulimnogammarus cruentus,315662,Eulimnogammaridae,6821,Amphipoda,PRJNA321360,SAMN04909675,SRR3467063
GEPY00000000.1,1842061,Eulimnogammarus czerskii,315662,Eulimnogammaridae,6821,Amphipoda,PRJNA321360,SAMN04909676,SRR3467064
GEPW00000000.1,75818,Eulimnogammarus cruentus,315662,Eulimnogammaridae,6821,Amphipoda,PRJNA321360,SAMN04909677,SRR3467062
GEPU00000000.1,315587,Eulimnogammarus viridulus,315662,Eulimnogammaridae,6821,Amphipoda,PRJNA321360,SAMN04909680,SRR3467060
GEPV00000000.1,58370,Eulimnogammarus vittatus,315662,Eulimnogammaridae,6821,Amphipoda,PRJNA321360,SAMN04909678,SRR3467061
GERC00000000.1,315702,Eulimnogammarus testaceus,315662,Eulimnogammaridae,6821,Amphipoda,PRJNA321360,SAMN04909679,SRR3467059
GEPT00000000.1,1156151,Eulimnogammarus marituji,315662,Eulimnogammaridae,6821,Amphipoda,PRJNA321360,SAMN04909682,SRR3467058
GEPS00000000.1,52945,Eulimnogammarus cyaneus,315662,Eulimnogammaridae,6821,Amphipoda,PRJNA321360,SAMN04909681,SRR3467057
GEPR00000000.1,1842068,Heterogammarus sophianosii,315662,Eulimnogammaridae,6821,Amphipoda,PRJNA321360,SAMN04909683,SRR3467056
GEPQ00000000.1,1842066,Eulimnogammarus similis,315662,Eulimnogammaridae,6821,Amphipoda,PRJNA321360,SAMN04909685,SRR3467053
GEPO00000000.1,1842060,Eucarinogammarus wagii,315608,Acanthogammaridae,6821,Amphipoda,PRJNA321360,SAMN04909688,SRR3467051
GEPN00000000.1,1842059,Echiuropus macronychus,315608,Acanthogammaridae,6821,Amphipoda,PRJNA321360,SAMN04909689,SRR3467050
GEPL00000000.1,1842057,Carinurus bicarinatus,315608,Acanthogammaridae,6821,Amphipoda,PRJNA321360,SAMN04909693,SRR3467048
GEPK00000000.1,1842064,Asprogammarus rhodophthalmus,315608,Acanthogammaridae,6821,Amphipoda,PRJNA321360,SAMN04909692,SRR3467047
GEPJ00000000.1,65444,Brandtia latissima,315608,Acanthogammaridae,6821,Amphipoda,PRJNA321360,SAMN04909694,SRR3467046
GEPI00000000.1,65453,Baikalogammarus pullus,315681,Baikalogammaridae,6821,Amphipoda,PRJNA321360,SAMN04909695,SRR3467045
GEPH00000000.1,75816,Boeckaxelia potanini,315608,Acanthogammaridae,6821,Amphipoda,PRJNA321360,SAMN04909697,SRR3467044
GEPG00000000.1,52942,Boeckaxelia carpenterii,315608,Acanthogammaridae,6821,Amphipoda,PRJNA321360,SAMN04909696,SRR3467043
GEPF00000000.1,686700,Cornugammarus maximus,315608,Acanthogammaridae,6821,Amphipoda,PRJNA321360,SAMN04909698,SRR3467042
GEPE00000000.1,86500,Acanthogammarus godlewskii,315608,Acanthogammaridae,6821,Amphipoda,PRJNA321360,SAMN04909699,SRR3467041
GEPD00000000.1,686699,Brachyuropus grewingkii,315608,Acanthogammaridae,6821,Amphipoda,PRJNA321360,SAMN04909700,SRR3467040
GEPC00000000.1,1097446,Oxyacanthus sowinskii,315608,Acanthogammaridae,6821,Amphipoda,PRJNA321360,SAMN04909701,SRR3467039
GEPB00000000.1,75813,Oxyacanthus flavus,315608,Acanthogammaridae,6821,Amphipoda,PRJNA321360,SAMN04909660,SRR3467038
GEPA00000000.1,1842084,Oxyacanthus curtus,315608,Acanthogammaridae,6821,Amphipoda,PRJNA321360,SAMN04909626,SRR3467037
GEPP00000000.1,1842065,Sluginella kietlinskii,315662,Eulimnogammaridae,6821,Amphipoda,PRJNA321360,SAMN04909687,SRR3467052
GEPM00000000.1,1842058,Crypturopus inflatus,315599,Micruropodidae,6821,Amphipoda,PRJNA321360,SAMN04909690,SRR3467049
GDUV00000000.1,6689,Penaeus vannamei,6685,Penaeidae,6683,Decapoda,PRJNA293148,"SAMN03761975,SAMN03761976,SAMN03761977,SAMN03761978","SRR2060962,SRR2060963,SRR2060964,SRR2060965"
GDTK00000000.1,6689,Penaeus vannamei,6685,Penaeidae,6683,Decapoda,PRJNA294021,"SAMN03761976,SAMN03761977,SAMN03761978","SRR2060963,SRR2060964,SRR2060965"
HACA00000000.1,72036,Lepeophtheirus salmonis,72034,Caligidae,72033,Siphonostomatoida,PRJEB1804,SAMEA2065627,
HAAX00000000.1,95602,Eriocheir sinensis,72876,Varunidae,6683,Decapoda,PRJEB4541,SAMEA2177686,ERR336998
HACB00000000.2,27406,Cherax quadricarinatus,37850,Parastacidae,6683,Decapoda,PRJEB5112,"SAMEA2277320,SAMEA2277321,SAMEA2277322,SAMEA2277323",
HABX00000000.1,174397,Pagurus bernhardus,6745,Paguridae,6683,Decapoda,PRJEB1673,"SAMEA2058374,SAMEA2058375",
HABY00000000.1,474045,Coenobita clypeatus,177219,Coenobitidae,6683,Decapoda,PRJEB1673,"SAMEA2058372,SAMEA2058373",
GEUT00000000.1,85552,Scylla paramamosain,6757,Portunidae,6683,Decapoda,PRJNA328554,"SAMN05440898,SAMN05440821","SRR3824014,SRR3824015"
GETT00000000.1,48144,Meganyctiphanes norvegica,6817,Euphausiidae,6816,Euphausiacea,PRJNA324094,"SAMN05194892,SAMN05194896,SAMN05194897","SRR3657320,SRR3657321,SRR3657329"
GEUA00000000.1,6690,Penaeus aztecus,6685,Penaeidae,6683,Decapoda,PRJNA326516,SAMN05284024,SRR3711052
GETZ00000000.1,6689,Penaeus vannamei,6685,Penaeidae,6683,Decapoda,PRJNA326516,SAMN05284023,SRR3710486
GETD00000000.1,6689,Penaeus vannamei,6685,Penaeidae,6683,Decapoda,PRJNA323362,SAMN05194799,SRR3619839
GEID00000000.1,6763,Callinectes sapidus,6757,Portunidae,6683,Decapoda,PRJNA315576,"SAMN04566095,SAMN04566098,SAMN04566101,SAMN04566103","SRR3242083,SRR3242136,SRR3242149,SRR3242160"
GEME00000000.1,6687,Penaeus monodon,6685,Penaeidae,6683,Decapoda,PRJNA267515,SAMN03196615,"SRR1648423,SRR1648424"
GDFW00000000.1,1133412,Tigriopus kingsejongensis,512265,Harpacticidae,41212,Harpacticoida,PRJNA283925,SAMN03703403,SRR2034718
GDFV00000000.1,1049545,Neomysis awatschensis,79901,Mysidae,75399,Mysida,PRJNA287057,SAMN03782445,SRR2070625
GEHV00000000.1,294128,Hyalella azteca,199477,Hyalellidae,6821,Amphipoda,PRJNA312414,"SAMN04537355,SAMN04537356,SAMN04537357,SAMN04537358,SAMN04537359,SAMN04537360,SAMN04537361,SAMN04537362,SAMN04537363,SAMN04537364,SAMN04537365,SAMN04537366,SAMN04537367","SRR3209876,SRR3209883,SRR3209886,SRR3209890,SRR3209897,SRR3209899,SRR3209904,SRR3209916,SRR3209927,SRR3209946,SRR3209955,SRR3209936,SRR3209933"
GEHY00000000.1,1048741,Triops newberryi,63729,Triopsidae,58774,Notostraca,PRJNA315010,SAMN04546762,"SRR3209182,SRR3212077,SRR3212081,SRR3212084,SRR3212087,SRR3212088"
GCVG00000000.1,159736,Macrobrachium nipponense,6695,Palaemonidae,6683,Decapoda,PRJNA278700,"SAMN03433265,SAMN03437036,SAMN03437037,SAMN03437038,SAMN03437039,SAMN03437040","SRR1924226,SRR1924228,SRR1924229,SRR1924230,SRR1924231,SRR1924233"
GEFT00000000.1,95602,Eriocheir sinensis,72876,Varunidae,6683,Decapoda,PRJNA310144,SAMN04447723,SRR3183200
GEFN00000000.1,910319,Palaemon argentinus,6695,Palaemonidae,6683,Decapoda,PRJNA309860,SAMN04441069,SRR3124666
GEBG00000000.1,6706,Homarus americanus,6704,Nephropidae,6683,Decapoda,PRJNA300643,SAMN04230440,"SRR2889572,SRR2891007"
GEFB00000000.1,39395,Cancer borealis,6753,Cancridae,6683,Decapoda,PRJNA310325,SAMN04450329,"SRR3142097,SRR3142190"
GEEP00000000.1,6687,Penaeus monodon,6685,Penaeidae,6683,Decapoda,PRJNA267515,SAMN03196615,"SRR1648423,SRR1648424"
GEDF00000000.1,6715,Astacus astacus,6713,Astacidae,6683,Decapoda,PRJNA302843,SAMN04281798,SRR2961887
GDUJ00000000.1,191375,Talitrus saltator,92169,Talitridae,6821,Amphipoda,PRJNA297565,SAMN04125302,"SRR2552911,SRR2568423,SRR2568516,SRR2568517,SRR2568518,SRR2568519,SRR2568520,SRR2568521"
GDIQ00000000.1,35525,Daphnia magna,77658,Daphniidae,84337,Diplostraca,PRJNA284518,"SAMN03765626,SAMN03765628,SAMN03765630,SAMN03765632,SAMN03765634,SAMN03765636,SAMN03765638,SAMN03765640","SRR2062534,SRR2062535,SRR2062536,SRR2062964,SRR2062965,SRR2062966,SRR2063033,SRR2063035,SRR2063036,SRR2063278,SRR2063279,SRR2063280,SRR2063822,SRR2063823,SRR2063824,SRR2063832,SRR2063834,SRR2063836,SRR2063845,SRR2063846,SRR2063847,SRR2063852,SRR2063853,SRR2063854"
GDIP00000000.1,35525,Daphnia magna,77658,Daphniidae,84337,Diplostraca,PRJNA284518,"SAMN03765627,SAMN03765629,SAMN03765631,SAMN03765633,SAMN03765635,SAMN03765637,SAMN03765639,SAMN03765641,SAMN03765642,SAMN03765643,SAMN03765644,SAMN03765645,SAMN03765646,SAMN03765647","SRR2062779,SRR2062780,SRR2062781,SRR2063018,SRR2063019,SRR2063020,SRR2063037,SRR2063038,SRR2063039,SRR2063281,SRR2063282,SRR2063283,SRR2063876,SRR2063877,SRR2063826,SRR2063827,SRR2063829,SRR2063837,SRR2063838,SRR2063839,SRR2063849,SRR2063850,SRR2063851,SRR2063855,SRR2063856,SRR2063857,SRR2063858,SRR2063859,SRR2063860,SRR2063861,SRR2063862,SRR2063863,SRR2063864,SRR2063865,SRR2063866,SRR2063867,SRR2063868,SRR2063869,SRR2063870,SRR2063871,SRR2063872,SRR2063873,SRR2063874,SRR2063875"
GDRN00000000.1,85551,Scylla olivacea,6757,Portunidae,6683,Decapoda,PRJNA289610,"SAMN04023221,SAMN04044510,SAMN04044552","SRR2225003,SRR2228979,SRR2440122"
GCVY00000000.1,6689,Penaeus vannamei,6685,Penaeidae,6683,Decapoda,PRJNA77889,SAMN03458554,SRR1952625
GDKY00000000.1,92525,Asellus aquaticus,63227,Asellidae,29979,Isopoda,PRJNA270761,"SAMN03268597,SAMN03268599,SAMN03268602,SAMN03268603","SRR1097283,SRR1097286,SRR1097290"
GAKD00000000.1,764486,Melita plumulosa,190426,Melitidae,6821,Amphipoda,PRJNA200979,,SRR851120
GBZW00000000.1,95602,Eriocheir sinensis,72876,Varunidae,6683,Decapoda,PRJNA259036,SAMN03002177,"SRR1555734,SRR1576649"
GBYW00000000.1,6720,Pacifastacus leniusculus,6713,Astacidae,6683,Decapoda,PRJNA259594,SAMN03009588,"SRR1663671,SRR1713182"
GCJT00000000.1,565004,Paracyclopina nana,564998,Cyclopettidae,84308,Cyclopoida,PRJNA268783,SAMN03224202,SRR1664735
GCHA00000000.1,158387,Tigriopus japonicus,512265,Harpacticidae,41212,Harpacticoida,PRJNA274317,SAMN03325913,SRR1784985
GAJQ00000000.1,294128,Hyalella azteca,199477,Hyalellidae,6821,Amphipoda,PRJNA188322,SAMN01915237,SRR687323
GAJP00000000.1,294128,Hyalella azteca,199477,Hyalellidae,6821,Amphipoda,PRJNA188322,SAMN01914920,SRR687301
GBGO00000000.1,88015,Eurytemora affinis,88013,Temoridae,6833,Calanoida,PRJNA242763,SAMN02798133,SRR1298702
GBUF00000000.1,95602,Eriocheir sinensis,72876,Varunidae,6683,Decapoda,PRJNA264349,SAMN01940964,"SRR1199039,SRR1199058"
GBXE00000000.1,6759,Carcinus maenas,1343471,Carcinidae,6683,Decapoda,PRJNA255867,"SAMN03016040,SAMN03016043,SAMN03016047,SAMN03016050,SAMN03016054,SAMN03016058,SAMN03016062,SAMN03016066,SAMN03016070,SAMN03016074,SAMN03016078,SAMN03016082","SRR1564428,SRR1572181,SRR1586326,SRR1589617,SRR1612556,SRR1632279,SRR1632285,SRR1632289,SRR1632290,SRR1632291,SRR1632292,SRR1632293"
GBEI00000000.1,6717,Astacus leptodactylus,6713,Astacidae,6683,Decapoda,PRJNA183420,SAMN02738958,"SRR1258878,SRR1262377,SRR1262390,SRR1264022,SRR1264027,SRR629687,SRR650486"
GBTC00000000.1,6832,Tigriopus californicus,512265,Harpacticidae,41212,Harpacticoida,PRJNA263967,"SAMN00115817,SAMN03112850","SRR069217,SRR1613959"
GBSZ00000000.1,6832,Tigriopus californicus,512265,Harpacticidae,41212,Harpacticoida,PRJNA263967,"SAMN00115818,SAMN00115819,SAMN00115820,SAMN03112848,SAMN03112849","SRR069218,SRR069219,SRR069220,SRR1613952,SRR1613955"
GBFB00000000.1,6837,Calanus finmarchicus,6835,Calanidae,6833,Calanoida,PRJNA231164,SAMN02441826,SRR1047775
GBXT00000000.1,113644,Calanus glacialis,6835,Calanidae,6833,Calanoida,PRJNA237014,"SAMN02602949,SAMN02602950,SAMN02603376,SAMN02603377,SAMN02603378,SAMN02603379","SRR1151519,SRR1151523,SRR1151525,SRR1151527,SRR1151528,SRR1151530"
GBXU00000000.1,6837,Calanus finmarchicus,6835,Calanidae,6833,Calanoida,PRJNA236983,"SAMN02602927,SAMN02602928,SAMN02602929,SAMN02602930,SAMN02602931,SAMN02602932","SRR1151495,SRR1151499,SRR1151502,SRR1151506,SRR1151507,SRR1151508"
GARH00000000.1,6728,Procambarus clarkii,6725,Cambaridae,6683,Decapoda,PRJNA205889,SAMN02179261,SRR870673
GBEV00000000.1,6728,Procambarus clarkii,6725,Cambaridae,6683,Decapoda,PRJNA205889,SAMN02743424,"SRR870673,SRR1265966"
GAZX00000000.1,217165,Caligus rogercresseyi,72034,Caligidae,72033,Siphonostomatoida,PRJNA234316,"SAMN02725394,SAMN02725395,SAMN02725396,SAMN02725397,SAMN02725398,SAMN02726039","SRR1232082,SRR1232083,SRR1232103,SRR1232104,SRR1232105,SRR1233153"
GAFY00000000.1,6717,Astacus leptodactylus,6713,Astacidae,6683,Decapoda,PRJNA183420,,SRR650486
GARW00000000.1,84317,Eucyclops serrulatus,84315,Cyclopidae,84308,Cyclopoida,PRJNA231234,SAMN02442384,SRR1050725
GARO00000000.1,1435206,Echinogammarus veneris,36939,Gammaridae,6821,Amphipoda,PRJNA231037,SAMN02439990,SRR1050726
GAJM00000000.1,1519145,Xibalbanus tulumensis,84344,Speleonectidae,116564,Nectiopoda,PRJNA203251,SAMN02146300,SRR857228
GAFS00000000.1,6717,Astacus leptodactylus,6713,Astacidae,6683,Decapoda,PRJNA183420,,SRR629687
GADE00000000.1,27406,Cherax quadricarinatus,37850,Parastacidae,6683,Decapoda,PRJNA179334,,SRR628250
