,structure,domain,Dmel_Seq,alignment
0,399,OSK,I,1250
1,400,OSK,L,1251
2,401,OSK,T,1252
3,402,OSK,S,1253
4,403,OSK,G,1254
5,404,OSK,T,1255
6,405,OSK,Y,1256
7,406,OSK,N,1257
8,407,OSK,D,1258
9,408,OSK,S,1259
10,409,OSK,L,1260
11,410,OSK,L,1261
12,411,OSK,T,1262
13,412,OSK,I,1263
14,413,OSK,N,1264
15,414,OSK,S,1265
16,415,OSK,D,1314
17,416,OSK,Y,1315
18,417,OSK,D,1316
19,418,OSK,A,1318
20,419,OSK,Y,1319
21,420,OSK,L,1320
22,421,OSK,L,1321
23,422,OSK,D,1323
24,423,OSK,F,1324
25,424,OSK,P,1325
26,425,OSK,L,1326
27,426,OSK,M,1327
28,427,OSK,G,1328
29,428,OSK,D,1329
30,429,OSK,D,1330
31,430,OSK,F,1331
32,431,OSK,M,1332
33,432,OSK,L,1333
34,433,OSK,Y,1334
35,434,OSK,L,1335
36,435,OSK,A,1336
37,436,OSK,R,1337
38,437,OSK,M,1341
39,438,OSK,E,1342
40,439,OSK,L,1344
41,440,OSK,K,1345
42,441,OSK,C,1346
43,442,OSK,R,1349
44,443,OSK,F,1350
45,444,OSK,R,1351
46,445,OSK,R,1352
47,446,OSK,H,1353
48,447,OSK,E,1359
49,448,OSK,R,1360
50,449,OSK,V,1361
51,450,OSK,L,1362
52,451,OSK,Q,1363
53,452,OSK,S,1364
54,453,OSK,G,1367
55,454,OSK,L,1368
56,455,OSK,C,1369
57,456,OSK,V,1370
58,457,OSK,S,1371
59,458,OSK,G,1372
60,459,OSK,L,1373
61,460,OSK,T,1374
62,461,OSK,I,1375
63,462,OSK,N,1376
64,463,OSK,G,1377
65,464,OSK,A,1378
66,465,OSK,R,1379
67,466,OSK,N,1380
68,467,OSK,R,1381
69,468,OSK,L,1382
70,469,OSK,K,1386
71,470,OSK,R,1387
72,471,OSK,V,1390
73,472,OSK,Q,1391
74,473,OSK,L,1392
75,474,OSK,P,1393
76,475,OSK,E,1394
77,476,OSK,G,1395
78,477,OSK,T,1396
79,478,OSK,Q,1397
80,479,OSK,I,1398
81,480,OSK,I,1399
82,481,OSK,V,1400
83,482,OSK,N,1401
84,483,OSK,I,1402
85,484,OSK,G,1403
86,485,OSK,S,1404
87,486,OSK,V,1405
88,487,OSK,D,1406
89,488,OSK,I,1407
90,489,OSK,M,1408
91,490,OSK,R,1470
92,491,OSK,G,1471
93,492,OSK,K,1472
94,493,OSK,P,1473
95,494,OSK,L,1474
96,495,OSK,V,1475
97,496,OSK,Q,1476
98,497,OSK,I,1477
99,498,OSK,E,1478
100,499,OSK,H,1479
101,500,OSK,D,1480
102,501,OSK,F,1481
103,502,OSK,R,1482
104,503,OSK,L,1483
105,504,OSK,L,1484
106,505,OSK,I,1485
107,506,OSK,K,1486
108,507,OSK,E,1487
109,508,OSK,M,1488
110,509,OSK,H,1489
111,510,OSK,N,1490
112,511,OSK,M,1491
113,512,OSK,R,1496
114,513,OSK,L,1497
115,514,OSK,V,1498
116,515,OSK,P,1499
117,516,OSK,I,1500
118,517,OSK,L,1503
119,518,OSK,T,1504
120,519,OSK,N,1505
121,520,OSK,L,1506
122,521,OSK,A,1507
123,522,OSK,P,1508
124,523,OSK,L,1509
125,524,OSK,G,1511
126,525,OSK,N,1512
127,526,OSK,Y,1513
128,527,OSK,C,1514
129,528,OSK,H,1530
130,529,OSK,D,1531
131,530,OSK,K,1532
132,531,OSK,V,1533
133,532,OSK,L,1536
134,533,OSK,C,1537
135,534,OSK,D,1538
136,535,OSK,K,1539
137,536,OSK,I,1540
138,537,OSK,Y,1541
139,538,OSK,R,1542
140,539,OSK,F,1543
141,540,OSK,N,1556
142,541,OSK,K,1557
143,542,OSK,F,1561
144,543,OSK,I,1562
145,544,OSK,R,1563
146,545,OSK,S,1564
147,546,OSK,E,1565
148,547,OSK,C,1566
149,548,OSK,C,1594
150,549,OSK,H,1595
151,550,OSK,L,1596
152,551,OSK,K,1597
153,552,OSK,V,1598
154,553,OSK,I,1599
155,554,OSK,D,1633
156,555,OSK,I,1634
157,556,OSK,H,1635
158,557,OSK,S,1636
159,558,OSK,C,1637
160,559,OSK,L,1638
161,560,OSK,I,1639
162,561,OSK,N,1651
163,562,OSK,E,1654
164,563,OSK,R,1655
165,564,OSK,G,1656
166,565,OSK,V,1660
167,566,OSK,V,1661
168,567,OSK,R,1662
169,568,OSK,F,1663
170,569,OSK,D,1664
171,570,OSK,C,1666
172,571,OSK,F,1667
173,572,OSK,Q,1668
174,573,OSK,A,1670
175,574,OSK,S,1819
176,575,OSK,P,1820
177,576,OSK,R,1821
178,577,OSK,Q,1822
179,578,OSK,V,1823
180,579,OSK,T,1829
181,580,OSK,G,1830
182,581,OSK,S,1831
183,582,OSK,K,1832
184,583,OSK,E,1833
185,584,OSK,P,1834
186,585,OSK,Y,1839
187,586,OSK,L,1840
188,587,OSK,F,1847
189,588,OSK,W,1850
190,589,OSK,N,1906
191,590,OSK,K,1907
192,591,OSK,I,1908
193,592,OSK,G,1909
194,593,OSK,R,1920
195,594,OSK,Q,1921
196,595,OSK,R,1922
197,596,OSK,V,1923
198,597,OSK,L,1929
199,598,OSK,Q,1930
200,599,OSK,V,1931
201,600,OSK,I,1932
202,601,OSK,E,1933
203,602,OSK,T,1934
204,603,OSK,S,1935
205,604,OSK,L,2341
206,605,OSK,E,2342
207,606,OSK,Y,2343
208,146,LOTUSVASA,Y,456
209,147,LOTUSVASA,I,457
210,148,LOTUSVASA,S,458
211,149,LOTUSVASA,V,459
212,150,LOTUSVASA,R,460
213,151,LOTUSVASA,E,461
214,152,LOTUSVASA,E,462
215,153,LOTUSVASA,Y,463
216,154,LOTUSVASA,P,464
217,155,LOTUSVASA,D,465
218,156,LOTUSVASA,I,466
219,157,LOTUSVASA,D,467
220,158,LOTUSVASA,S,468
221,159,LOTUSVASA,E,469
222,160,LOTUSVASA,V,470
223,161,LOTUSVASA,R,471
224,162,LOTUSVASA,A,472
225,163,LOTUSVASA,I,473
226,164,LOTUSVASA,L,474
227,165,LOTUSVASA,L,477
228,166,LOTUSVASA,S,478
229,167,LOTUSVASA,H,479
230,168,LOTUSVASA,A,480
231,169,LOTUSVASA,Q,481
232,170,LOTUSVASA,N,482
233,171,LOTUSVASA,G,483
234,172,LOTUSVASA,I,485
235,173,LOTUSVASA,T,486
236,174,LOTUSVASA,I,487
237,175,LOTUSVASA,S,488
238,176,LOTUSVASA,S,489
239,177,LOTUSVASA,I,490
240,178,LOTUSVASA,K,491
241,179,LOTUSVASA,S,527
242,180,LOTUSVASA,E,528
243,181,LOTUSVASA,Y,529
244,182,LOTUSVASA,R,530
245,183,LOTUSVASA,K,531
246,184,LOTUSVASA,L,536
247,185,LOTUSVASA,T,537
248,186,LOTUSVASA,G,538
249,187,LOTUSVASA,N,539
250,188,LOTUSVASA,P,540
251,189,LOTUSVASA,F,542
252,190,LOTUSVASA,P,543
253,191,LOTUSVASA,L,552
254,192,LOTUSVASA,H,553
255,193,LOTUSVASA,D,554
256,194,LOTUSVASA,N,555
257,195,LOTUSVASA,V,556
258,196,LOTUSVASA,T,557
259,197,LOTUSVASA,D,558
260,198,LOTUSVASA,F,559
261,199,LOTUSVASA,L,565
262,200,LOTUSVASA,L,566
263,201,LOTUSVASA,T,567
264,202,LOTUSVASA,I,570
265,203,LOTUSVASA,P,571
266,204,LOTUSVASA,N,572
267,205,LOTUSVASA,V,573
268,206,LOTUSVASA,T,574
269,207,LOTUSVASA,A,575
270,208,LOTUSVASA,E,576
271,209,LOTUSVASA,C,578
272,210,LOTUSVASA,S,579
273,211,LOTUSVASA,E,580
274,212,LOTUSVASA,S,582
275,213,LOTUSVASA,G,583
276,214,LOTUSVASA,K,584
277,215,LOTUSVASA,R,585
278,216,LOTUSVASA,I,586
279,217,LOTUSVASA,F,587
280,218,LOTUSVASA,N,588
281,219,LOTUSVASA,L,589
282,220,LOTUSVASA,K,590
283,221,LOTUSVASA,A,593
284,222,LOTUSVASA,S,594
285,223,LOTUSVASA,L,595
286,224,LOTUSVASA,K,596
287,225,LOTUSVASA,N,597
288,226,LOTUSVASA,G,598
289,227,LOTUSVASA,H,599
290,228,LOTUSVASA,L,600
291,229,LOTUSVASA,L,601
292,230,LOTUSVASA,D,602
293,231,LOTUSVASA,M,607
294,232,LOTUSVASA,V,608
295,233,LOTUSVASA,L,609
296,234,LOTUSVASA,N,610
297,235,LOTUSVASA,Q,611
298,236,LOTUSVASA,K,612
299,237,LOTUSVASA,E,613
