,elec,hydro,valdar
0,0.0,0.0,0.0
1,0.0,0.0,0.0
2,0.0,0.0,0.0
3,0.0,0.0,0.0
4,0.0,0.0,0.0
5,0.0,0.0,0.0
6,0.0,0.0,0.0
7,0.0,0.0,0.0
8,0.0,0.0,0.0
9,0.0,0.0,0.0
10,0.0,0.0,0.0
11,0.0,0.0,0.0
12,0.0,0.0,0.0
13,0.0,0.0,0.0
14,0.0,0.0,0.0
15,0.0,0.0,0.0
16,0.0,0.0,0.0
17,0.0,0.0,0.0
18,0.0,0.0,0.0
19,0.0,0.0,0.0
20,0.0,0.0,0.0
21,0.0,0.0,0.0
22,0.0,0.0,0.0
23,0.0,0.0,0.0
24,0.0,0.0,0.0
25,0.0,0.0,0.0
26,0.0,0.0,0.0
27,0.0,0.0,0.0
28,0.0,0.0,0.0
29,0.0,0.0,0.0
30,0.0,0.0,0.0
31,0.0,0.0,0.0
32,0.0,0.0,0.0
33,0.0,0.0,0.0
34,0.0,0.0,0.0
35,0.0,0.0,0.0
36,0.0,0.0,0.0
37,0.0,0.0,0.0
38,0.0,0.0,0.0
39,0.0,0.0,0.0
40,0.0,0.0,0.0
41,0.0,0.0,0.0
42,0.0,0.0,0.0
43,0.0,0.0,0.0
44,0.0,0.0,0.0
45,0.0,0.0,0.0
46,0.0,0.0,0.0
47,0.0,0.0,0.0
48,0.0,0.0,0.0
49,0.0,0.0,0.0
50,0.0,0.0,0.0
51,0.0,0.0,0.0
52,0.0,0.0,0.0
53,0.0,0.0,0.0
54,0.0,0.0,0.0
55,0.0,0.0,0.0
56,0.0,0.0,0.0
57,0.0,0.0,0.0
58,0.0,0.0,0.0
59,0.0,0.0,0.0
60,0.0,0.0,0.0
61,0.0,0.0,0.0
62,0.0,0.0,0.0
63,0.0,0.0,0.0
64,0.0,0.0,0.0
65,0.0,0.0,0.0
66,0.0,0.0,0.0
67,0.0,0.0,0.0
68,0.0,0.0,0.0
69,0.0,0.0,0.0
70,0.0,0.0,0.0
71,0.0,0.0,0.0
72,0.0,0.0,0.0
73,0.0,0.0,0.0
74,0.0,0.0,0.0
75,0.0,0.0,0.0
76,0.0,0.0,0.0
77,0.0,0.0,0.0
78,0.0,0.0,0.0
79,0.0,0.0,0.0
80,0.0,0.0,0.0
81,0.0,0.0,0.0
82,0.0,0.0,0.0
83,0.0,0.0,0.0
84,0.0,0.0,0.0
85,0.0,0.0,0.0
86,0.0,0.0,0.0
87,0.0,0.0,0.0
88,0.0,0.0,0.0
89,0.0,0.0,0.0
90,0.0,0.0,0.0
91,0.0,0.0,0.0
92,0.0,0.0,0.0
93,0.0,0.0,0.0
94,0.0,0.0,0.0
95,0.0,0.0,0.0
96,0.0,0.0,0.0
97,0.0,0.0,0.0
98,0.0,0.0,0.0
99,0.0,0.0,0.0
100,0.0,0.0,0.0
101,0.0,0.0,0.0
102,0.0,0.0,0.0
103,0.0,0.0,0.0
104,0.0,0.0,0.0
105,0.0,0.0,0.0
106,0.0,0.0,0.0
107,0.0,0.0,0.0
108,0.0,0.0,0.0
109,0.0,0.0,0.0
110,0.0,0.0,0.0
111,0.0,0.0,0.0
112,0.0,0.0,0.0
113,0.0,0.0,0.0
114,0.0,0.0,0.0
115,0.0,0.0,0.0
116,0.0,0.0,0.0
117,0.0,0.0,0.0
118,0.0,0.0,0.0
119,0.0,0.0,0.0
120,0.0,0.0,0.0
121,0.0,0.0,0.0
122,0.0,0.0,0.0
123,0.0,0.0,0.0
124,0.0,0.0,0.0
125,0.0,0.0,0.0
126,0.0,0.0,0.0
127,0.0,0.0,0.0
128,0.0,0.0,0.0
129,0.0,0.0,0.0
130,0.0,0.0,0.0
131,0.0,0.0,0.0
132,0.0,0.0,0.0
133,0.0,0.0,0.0
134,0.0,0.0,0.0
135,0.0,0.0,0.0
136,0.0,0.0,0.0
137,0.0,0.0,0.0
138,0.0,0.0,0.0
139,0.0,0.0,0.0
140,0.0,0.0,0.0
141,0.0,0.0,0.0
142,0.0,0.0,0.0
143,0.0,0.0,0.0
144,0.0,0.0,0.0
145,0.0,0.0,0.0
146,0.0,0.0,0.0
147,0.0,0.0,0.0
148,0.0,0.0,0.0
149,0.0,0.0,0.0
150,0.0,0.0,0.0
151,0.0,0.0,0.0
152,0.0,0.0,0.0
153,0.0,0.0,0.0
154,0.0,0.0,0.0
155,0.0,0.0,0.0
156,0.0,0.0,0.0
157,0.0,0.0,0.0
158,0.0,0.0,0.0
159,0.0,0.0,0.0
160,0.0,0.0,0.0
161,0.0,0.0,0.0
162,0.0,0.0,0.0
163,0.0,0.0,0.0
164,0.0,0.0,0.0
165,0.0,0.0,0.0
166,0.0,0.0,0.0
167,0.0,0.0,0.0
168,0.0,0.0,0.0
169,0.0,0.0,0.0
170,0.0,0.0,0.0
171,0.0,0.0,0.0
172,0.0,0.0,0.0
173,0.0,0.0,0.0
174,0.0,0.0,0.0
175,0.0,0.0,0.0
176,0.0,0.0,0.0
177,0.0,0.0,0.0
178,0.0,0.0,0.0
179,0.0,0.0,0.0
180,0.0,0.0,0.0
181,0.0,0.0,0.0
182,0.0,0.0,0.0
183,0.0,0.0,0.0
184,0.0,0.0,0.0
185,0.0,0.0,0.0
186,0.0,0.0,0.0
187,0.0,0.0,0.0
188,0.0,0.0,0.0
189,0.0,0.0,0.0
190,0.0,-0.02375,0.0
191,0.0,-0.0340625,0.0
192,0.015625,0.14875,0.0
193,0.0,-0.02375,0.0
194,0.0,0.0,0.0
195,0.0,0.1084375,0.0
196,0.0,-0.0340625,0.0
197,0.0,0.05375,0.0
198,0.03125,0.1684375,0.0
199,0.0,0.05375,0.0
200,0.0,0.1084375,0.0
201,0.0,-0.024375,0.0
202,0.0,0.0153125,0.0
203,0.0,-0.011875,0.0
204,0.0,0.0153125,0.0
205,0.0,-0.024375,0.0
206,0.0,0.0,0.0
207,0.0,-0.024375,0.0
208,-0.03125,0.05125,0.0
209,0.0,0.0571875,0.0
210,0.0,0.1084375,0.0
211,0.0,-0.06875,0.0
212,0.0,-0.04875,0.0
213,0.0,0.0,0.0
214,0.0,-0.024375,0.0
215,0.0,0.0,0.0
216,0.0,-0.04875,0.0
217,0.0,0.05375,0.0
218,0.0,0.0571875,0.0
219,0.0,0.0571875,0.0
220,0.03125,0.1684375,0.0
221,0.0,0.05375,0.0
222,0.0,0.055625,0.0
223,0.0,0.0153125,0.0
224,0.0,-0.0340625,0.0
225,0.0,0.0,0.0
226,-0.03125,0.0921875,0.0
227,0.0,-0.04875,0.0
228,0.03125,0.1684375,0.0
229,0.0,-0.0565625,0.0
230,-0.03125,0.0921875,0.0
231,0.0,0.0153125,0.0
232,0.015625,0.14875,0.0
233,0.0,0.0571875,0.0
234,0.03125,0.1159375,0.0
235,0.0,0.05375,0.0
236,0.0,0.1084375,0.0
237,0.0,0.055625,0.0
238,0.0,-0.0565625,0.0
239,0.0,0.0,0.0
240,0.0,-0.0565625,0.0
241,0.0,-0.0475,0.0
242,-0.03125,0.06843750000000001,0.000258987100065716
243,0.03125,0.09593749999999998,0.0016711563469788628
244,0.0,0.055625,0.0009047547116247169
245,0.0,-0.181875,0.0037329958985916427
246,0.0,0.11281250000000001,0.0024401029591508256
247,0.0,0.009062500000000001,0.0019333514004473535
248,0.0,0.0328125,0.0005066961826801744
249,-0.03125,0.02812499999999999,0.0028794254047783438
250,0.0,0.0034374999999999822,0.0014167486343362255
251,0.03125,0.2153125,0.0027366011448516415
252,-0.03125,0.07875000000000001,0.0028676668206437223
253,0.0,-0.0559375,0.00278795088022148
254,0.03125,0.255,0.003007284112195424
255,-0.03125,0.1665625,0.0018150562759272064
256,0.03125,0.04625,0.00272005191908314
257,-0.03125,0.004374999999999997,0.002880080215302337
258,0.0,0.08468750000000001,0.0032569471187943325
259,0.03125,0.00093749999999998,0.0026117569652710664
260,0.0,-0.09,0.004254255423454072
261,0.03125,0.11937500000000001,0.0019351616028157493
262,0.0,-0.13625,0.011707094770884103
263,0.0,0.04062499999999999,0.0010596128549619861
264,0.0625,0.19937499999999997,0.0039019290163455744
265,0.0,-0.03875,0.0037743214429624195
266,0.0,-0.0803125,0.005088312890584146
267,0.0,0.1075,0.0015857571039845696
268,0.0,0.015937500000000007,0.0014508194132552353
269,0.0,-0.18625000000000003,0.0067650667092633175
270,0.078125,0.3465625,0.00573450266539845
271,0.03125,-0.0015625000000000083,0.00247001525580487
272,-0.03125,-0.021875000000000006,0.0018280163531125564
273,0.0,-0.051562500000000004,0.003482309247314274
274,0.0,-0.018125000000000002,0.003366726434098396
275,0.03125,0.075625,0.004021145661788016
276,0.0,0.0,0.0
277,0.0,0.0,0.0
278,0.0,0.0,0.0
279,0.0,0.0,0.0
280,0.0,0.0,0.0
281,0.0,0.0,0.0
282,0.0,0.0,0.0
283,0.0,0.0,0.0
284,0.0,0.0,0.0
285,0.0,0.0,0.0
286,0.0,0.0,0.0
287,0.0,0.0,0.0
288,0.0,0.0,0.0
289,0.0,0.0,0.0
290,0.0,0.0,0.0
291,0.0,0.0,0.0
292,0.0,0.0,0.0
293,0.0,0.0,0.0
294,0.0,0.0,0.0
295,0.0,0.0,0.0
296,0.0,0.0,0.0
297,0.0,0.0,0.0
298,0.0,0.0,0.0
299,0.0,0.0,0.0
300,0.0,0.0,0.0
301,0.0,0.0,0.0
302,0.0,0.0,0.0
303,0.0,0.0,0.0
304,0.0,0.0,0.0
305,0.0,0.0,0.0
306,0.0,0.0,0.0
307,0.0,0.0,0.0
308,0.0,0.0,0.0
309,0.0,0.0,0.0
310,0.0,0.0,0.0
311,0.0,0.0,0.0
312,0.0,0.0,0.0
313,0.0,0.0,0.0
314,0.0,0.0,0.0
315,0.0,0.0,0.0
316,0.0,0.0,0.0
317,0.0,0.0,0.0
318,0.0,0.0,0.0
319,0.0,0.0,0.0
320,0.0,0.0,0.0
321,0.0,0.0,0.0
322,0.0,0.0,0.0
323,0.0,0.0,0.0
324,0.0,0.0,0.0
325,0.0,0.0,0.0
326,0.0,0.0,0.0
327,0.0,0.0,0.0
328,0.0,0.0,0.0
329,0.0,0.0,0.0
330,0.0,0.0,0.0
331,0.0,0.0,0.0
332,0.0,0.0,0.0
333,0.0,0.0,0.0
334,0.0,0.0,0.0
335,0.0,0.0,0.0
336,0.0,0.0,0.0
337,0.0,0.0,0.0
338,0.0,0.0,0.0
339,0.0,0.0,0.0
340,0.0,0.0,0.0
341,0.0,0.0,0.0
342,0.0,0.0,0.0
343,0.0,0.0,0.0
344,0.0,0.0,0.0
345,0.0,0.0,0.0
346,0.0,0.0,0.0
347,0.0,0.0,0.0
348,0.0,0.0,0.0
349,0.0,0.0,0.0
350,0.0,0.0,0.0
351,0.0,0.0,0.0
352,0.0,0.0,0.0
353,0.0,0.0,0.0
354,0.0,0.0,0.0
355,0.0,0.0,0.0
356,0.0,0.0,0.0
357,0.0,0.0,0.0
358,0.0,0.0,0.0
359,0.0,0.0,0.0
360,0.0,0.0,0.0
361,0.0,0.0,0.0
362,0.0,0.0,0.0
363,0.0,0.0,0.0
364,0.0,0.0,0.0
365,0.0,0.0,0.0
366,0.0,0.0,0.0
367,0.0,0.0,0.0
368,0.0,0.0,0.0
369,0.0,0.0,0.0
370,0.0,0.0,0.0
371,0.0,0.0,0.0
372,0.0,0.0,0.0
373,0.0,0.0,0.0
374,0.0,0.0,0.0
375,0.0,0.0,0.0
376,0.0,0.0,0.0
377,0.0,0.0,0.0
378,0.0,0.0,0.0
379,0.0,0.0,0.0
380,0.0,0.0,0.0
381,0.0,0.0,0.0
382,0.0,0.0,0.0
383,0.0,0.0,0.0
384,0.0,0.0,0.0
385,0.0,0.0,0.0
386,0.0,0.0,0.0
387,0.0,0.0,0.0
388,0.0,0.0,0.0
389,0.0,0.0,0.0
390,0.0,0.0,0.0
391,0.0,0.0,0.0
392,0.0,0.0,0.0
393,0.0,0.0,0.0
394,0.0,0.0,0.0
395,0.0,0.0,0.0
396,0.0,0.0,0.0
397,0.0,0.0,0.0
398,0.0,0.0,0.0
399,0.0,0.0,0.0
400,0.0,0.0,0.0
401,0.0,0.0,0.0
402,0.0,0.0,0.0
403,0.0,0.0,0.0
404,0.0,0.0,0.0
405,0.0,0.0,0.0
406,0.0,0.0,0.0
407,0.0,0.0,0.0
408,0.0,0.0,0.0
409,0.0,0.0,0.0
410,0.0,-0.02375,0.0
411,0.0,-0.024375,0.0
412,0.0,-0.011875,0.0
413,0.0,-0.011875,0.0
414,0.0,0.0571875,0.0
415,-0.03125,0.0921875,0.0
416,0.03125,0.1159375,0.0
417,-0.03125,0.011249999999999996,0.0012632157424791479
418,-0.03125,-0.054062500000000006,0.0012610752158581638
419,0.0,0.0006250000000000006,0.00038945428581310676
420,0.03125,0.11187499999999999,0.0012806466604492093
421,0.0,-0.08375000000000002,0.0019148392075354719
422,0.0,-0.161875,0.0037001493804176317
423,0.0,0.0049999999999999975,0.002705371782567727
424,0.0,-0.025625000000000002,0.0014036912165810485
425,0.03125,0.21406250000000002,0.0037201880062424104
426,0.0,-0.006562500000000006,0.0025320245014609703
427,0.0,-0.08812500000000001,0.0030633424311743017
428,0.0,-0.09593750000000001,0.002897113156574233
429,0.03125,0.2090625,0.0030569155232923707
430,0.03125,0.047812499999999994,0.0025435125587052686
431,0.03125,0.06249999999999999,0.001277537516297156
432,0.0625,0.32,0.00672205867932331
433,0.0625,0.22406249999999997,0.004430767896732824
434,0.0,0.1646875,0.006365691407626899
435,0.0,0.03500000000000001,0.004520082713246843
436,0.0,-0.16249999999999998,0.012643305080271864
437,0.0,0.163125,0.006465322005208193
438,0.03125,0.023125,0.007670516194274972
439,0.0,-0.08499999999999999,0.010927883662529808
440,0.0,0.3096875,0.006521346778763246
441,0.0,0.2984375,0.007815230115857863
442,0.0625,0.14,0.008428343711440554
443,0.0,-0.25593750000000004,0.013785831121201802
444,-0.03125,0.014999999999999993,0.0019747169423712397
445,0.0,0.0028124999999999886,0.015015231484455443
446,-0.03125,0.10062499999999999,0.01611197998225041
447,0.0625,0.11781249999999999,0.008104258301004282
448,-0.03125,-0.12625,0.017829074912800478
449,0.0625,0.299375,0.011626891541956313
450,-0.015625,0.3065625,0.017263800151102016
451,-0.03125,0.009062500000000015,0.013817941599734975
452,0.15625,0.6481250000000001,0.03199936048842943
453,0.078125,0.3990625,0.02943022448232925
454,-0.03125,0.13406249999999997,0.021601688407412972
455,-0.03125,-0.034687500000000024,0.030535995322607375
456,0.0,-0.050312499999999996,0.027928626051836263
457,0.03125,0.303125,0.024853619634881825
458,0.046875,0.674375,0.039786997207795806
459,0.0,0.05593749999999999,0.038662083153581786
460,-0.0625,0.46656250000000005,0.07679007181187004
461,-0.171875,0.4865625000000002,0.1650409892004988
462,-0.21875,1.1206249999999998,0.2755243888977844
463,-0.15625,0.20687499999999992,0.2789971213663504
464,-0.34375,1.7987500000000005,0.35341010771676823
465,-0.65625,1.7340625000000005,0.5044195376319973
466,-0.125,0.4628125,0.3863875341308427
467,-0.09375,-0.78375,0.4679760881406843
468,0.03125,1.2303125000000001,0.41328925903616975
469,-0.03125,-0.5528125,0.41719631772822785
470,0.0,0.0,0.0
471,0.0,-1.2534375000000002,0.6508748312657757
472,0.890625,4.775312499999998,0.7471586762046484
473,0.03125,1.750624999999999,0.7308699890239199
474,0.0,-0.42937499999999995,0.4236850249209011
475,0.0,-1.2100000000000004,0.6363086384734425
476,0.0,0.0,0.0
477,0.0,0.0,0.0
478,0.015625,0.14875,0.0
479,0.0,-0.370625,0.42082638932784355
480,0.03125,0.6831250000000004,0.45757692000126104
481,0.21875,1.9678125,0.3155676735976334
482,0.8125,4.399062499999999,0.7116615465884949
483,0.078125,2.045625,0.5755702632744141
484,-0.03125,1.5781249999999996,0.7245271461800751
485,0.0,0.074375,0.0004984392989784311
486,0.0,-1.1656250000000004,0.5351762931666922
487,0.0,-0.7521874999999997,0.4792289763461124
488,0.0,-1.5587500000000005,0.6425641004216747
489,0.203125,2.0149999999999997,0.3336404658941027
490,0.0,0.0,0.0
491,0.0,-0.0475,0.0
492,-0.109375,2.8890625000000005,0.3969144400877748
493,0.0,-1.5553125000000005,0.5547037875186718
494,-0.28125,2.270625,0.3958978868101288
495,0.03125,0.1684375,0.0
496,0.0,0.055625,0.0
497,0.0,0.05375,0.0
498,0.0,-0.04875,0.0
499,0.0,0.0,0.0
500,0.0,-0.0475,0.0
501,0.0,0.1084375,0.0
502,0.0,-0.0565625,0.0
503,0.0,-0.0475,0.0
504,0.0,-0.06875,0.0
505,0.0,-0.0565625,0.0
506,0.0,0.0571875,0.0
507,0.0,-0.06875,0.0
508,0.0,0.0571875,0.0
509,0.0,0.0153125,0.0
510,0.0,-0.06875,0.0
511,0.0,0.0,0.0
512,0.0,0.0,0.0
513,0.0,0.0,0.0
514,0.0,0.0,0.0
515,0.0,0.0,0.0
516,0.0,0.0,0.0
517,0.0,0.0,0.0
518,0.0,0.0,0.0
519,0.0,0.0,0.0
520,0.0,0.0,0.0
521,0.0,0.0,0.0
522,0.0,0.0,0.0
523,0.0,0.0,0.0
524,0.0,0.0,0.0
525,0.0,0.0,0.0
526,0.0,0.0,0.0
527,0.0,0.0,0.0
528,0.0,0.0,0.0
529,0.0,0.0,0.0
530,0.28125,2.5462499999999997,0.4348479145988099
531,-0.84375,1.7778125000000005,0.6521735673361472
532,0.0,-1.2090625000000006,0.7744226364983042
533,0.5,2.8399999999999985,0.48419823614904767
534,-0.6875,1.9971875000000003,0.5859133135730953
535,0.0,0.0,0.0
536,0.0,0.0,0.0
537,0.0,0.0,0.0
538,0.0,0.0,0.0
539,-0.09375,-0.21812500000000007,0.39609508884967726
540,-0.03125,-0.04656249999999996,0.4852759547931002
541,-0.03125,1.8131249999999994,0.9200744086659508
542,-0.375,1.5968749999999996,0.4263492179630636
543,0.078125,2.2596874999999996,0.4097897199145644
544,0.0,0.019687499999999997,0.00014359561851568067
545,0.0,-1.5446875000000004,0.6980123820295627
546,-0.03125,0.2709375000000003,0.5974515756629736
547,0.0,0.0,0.0
548,0.0,0.0,0.0
549,0.0,0.0,0.0
550,0.0,0.0,0.0
551,0.015625,-1.2328125000000003,0.7188102415949734
552,0.390625,2.5274999999999994,0.3962386131398473
553,0.5,3.7584375000000008,0.507130891526917
554,0.015625,-1.3112500000000011,0.5188482133572943
555,0.0625,2.0587499999999994,0.8329937218329282
556,0.03125,-0.9884374999999999,0.6753021169599621
557,0.0,2.3118749999999997,0.3896554849053563
558,0.0,1.8246874999999996,0.6050189197658121
559,-0.0625,-1.4612500000000004,0.7293808799991959
560,-0.28125,1.2921875,0.4098556785727928
561,-0.0625,2.2778125,0.42117336812736156
562,0.0,-1.8465625000000003,0.6883236850280204
563,0.0,-1.4568750000000004,0.6395214468979922
564,0.0625,2.1631250000000004,0.35376618495181644
565,0.140625,2.5068749999999995,0.6709177755064678
566,0.03125,0.1446875,0.00042682452710228957
567,-0.03125,0.0037499999999999964,0.00042682452710228957
568,0.0,-0.6087500000000002,0.4517058305131151
569,0.0,0.3493750000000001,0.5063451250526492
570,-0.5,2.3125,0.5330487912493427
571,0.0,-1.4650000000000005,0.737689569985834
572,0.34375,2.4237499999999996,0.36263202856739657
573,0.0625,-0.71625,0.48351856886328803
574,0.109375,1.8131249999999997,0.2814701393615631
575,0.03125,0.31625,0.0020029197241430373
576,0.515625,3.133125,0.36249205550568614
577,-0.09375,1.8381249999999998,0.3602298116446412
578,-0.09375,1.2681249999999997,0.2585770200671416
579,0.0,0.055625,0.0
580,-0.0625,1.0584374999999997,0.20440652788951238
581,-0.03125,1.9184374999999996,0.49422916889305574
582,-0.046875,1.9274999999999995,0.45924047373851645
583,-0.15625,0.7493750000000001,0.4125131438996288
584,0.0,-0.8003125000000001,0.622448367862559
585,0.0,-1.1778124999999997,0.5687992082717961
586,0.109375,2.0746874999999996,0.37747839298772967
587,0.03125,-0.3540624999999999,0.4890898763529316
588,-0.03125,1.8203124999999996,0.33213632532778953
589,0.0,0.1109375,0.0008470471557049996
590,0.0,-0.053437500000000006,0.0015569935914679326
591,-0.03125,0.1725,0.007857321629589176
592,-0.6875,2.3156250000000007,0.6034365808339139
593,-0.234375,1.4996874999999994,0.3996376484637462
594,0.8125,4.678749999999997,0.7266672845159637
595,0.0,-0.24687500000000012,0.45263096905615935
596,0.03125,1.3662499999999997,0.5020523297921617
597,0.484375,4.540625,0.8714327929908772
598,-0.03125,-1.2553125,0.6764459506434347
599,0.0625,1.3703125000000003,0.5678841219411046
600,-0.28125,1.7612500000000002,0.45533256598129795
601,0.0,0.0,0.0
602,0.0,0.0,0.0
603,0.0,0.0,0.0
604,0.0,-1.5565625000000005,0.7954773375566101
605,0.0,-0.9018750000000002,0.8389873769453179
606,0.0,2.5659375000000004,0.4125640387562366
607,0.6875,4.0456249999999985,0.608204625117954
608,-0.03125,2.6815625,0.6969187717205608
609,0.875,4.5328124999999995,0.7332097519589479
610,-0.125,1.6046874999999996,0.46251388829894036
611,0.03125,0.3184375,0.0019747679622272698
612,0.0625,0.390625,0.0025529714225073306
613,0.03125,0.225625,0.0016306365074906903
614,0.0625,0.3415625,0.0019651098673522595
615,0.03125,0.17812499999999998,0.0014798860178638353
616,0.03125,0.20812499999999998,0.0009431538724355116
617,0.0625,0.2075,0.002293044595635696
618,0.0,0.11812500000000001,0.001842617150388122
619,0.0,-0.018125000000000002,0.001267905374966404
620,0.03125,0.011874999999999997,0.0012931627134186395
621,0.0625,0.4309375,0.0033509309355983967
622,0.03125,-0.009374999999999994,0.0011667228660689989
623,0.03125,0.31625,0.0017545358192450284
624,-0.03125,0.2065625,0.0028895578297720085
625,0.0,0.076875,0.0012480655241455382
626,0.0,0.141875,0.0015138547550160595
627,0.046875,0.21718749999999998,0.0018695745604886945
628,0.0625,0.3178125,0.00325814557848072
629,0.0625,0.20406249999999998,0.0032358492933839593
630,0.03125,0.26187499999999997,0.0020185076204184077
631,0.0625,0.2571875,0.0037025946541433125
632,0.03125,0.2340625,0.003462157641085255
633,0.046875,0.2215625,0.004580740804304705
634,0.03125,0.31875,0.00494700074509668
635,0.125,0.52625,0.013801052631399904
636,0.125,0.6296875,0.013376080983193352
637,0.03125,0.12968749999999998,0.0070749290217274
638,0.0,0.48531250000000004,0.012629849877915942
639,0.0625,0.32187499999999997,0.018068443063927662
640,0.125,0.6015625,0.02463881467934159
641,0.15625,0.8674999999999999,0.030216884118302142
642,0.09375,0.8768749999999998,0.02900304262123238
643,0.1875,1.076875,0.050478168093429455
644,0.125,1.025625,0.050413353323519886
645,0.046875,0.8815625,0.051362031028819054
646,0.125,0.8328125000000001,0.05843805996563241
647,0.09375,1.06125,0.08611286743831449
648,0.046875,0.9359374999999999,0.12014691707820543
649,0.1875,1.2287499999999998,0.11823207550225792
650,0.21875,1.13,0.14124853374097593
651,0.25,1.5218749999999999,0.1454602306665364
652,0.1875,1.1437499999999998,0.1651571530146123
653,0.0625,0.9562499999999999,0.16975725753312512
654,0.28125,2.2353125,0.21593201835481252
655,0.28125,1.1243750000000001,0.1722919786208778
656,0.296875,2.1868749999999997,0.2469194279923163
657,0.28125,1.8140624999999997,0.21672146567028694
658,0.15625,0.7915625000000001,0.22797944924221292
659,0.25,1.558125,0.23187502960606166
660,0.03125,1.0346874999999998,0.2130004696337071
661,0.03125,0.15187499999999998,0.007714502137321729
662,0.03125,0.2821875,0.011957470032969007
663,0.03125,0.209375,0.002113618651188343
664,0.0,0.31343750000000004,0.0035806262070217773
665,0.0,0.15125,0.0016030519890434596
666,0.0,-0.025625000000000002,0.0012735122655801437
667,0.0,0.05437499999999999,0.0011274053444163784
668,0.03125,-0.0015625000000000083,0.0008958940871853193
669,0.0,0.114375,0.00159383942028144
670,0.0,0.1496875,0.0004255551252151445
671,0.03125,0.0921875,0.00031876788405628805
672,0.0625,0.336875,0.00159383942028144
673,0.0,-0.11625,0.00031876788405628805
674,0.0,0.1496875,0.0004255551252151445
675,0.0,0.0334375,0.0004255551252151445
676,0.0,-0.0475,0.0006375357681125761
677,0.03125,0.0671875,0.00021198064289743154
678,0.0,-0.0475,0.0
679,0.0,-0.04875,0.0
680,0.0,0.055625,0.0
681,0.0,0.1084375,0.0
682,0.03125,0.1159375,0.0
683,0.0,-0.0475,0.0
684,0.0,0.0,0.0
685,0.0,0.055625,0.0
686,0.0,0.1084375,0.0
687,0.0,0.0940625,0.0
688,0.0,-0.0475,0.0
689,0.0,-0.024375,0.0
690,0.0,0.0571875,0.0
691,0.0,0.1084375,0.0
692,0.03125,0.1159375,0.0
693,0.0,-0.0475,0.0
694,0.0,0.055625,0.0
695,0.0,0.0940625,0.0
696,0.0,-0.024375,0.0
697,0.0,-0.0340625,0.0
698,0.0,0.0,0.0
699,0.0,0.05375,0.0
700,0.0,0.0571875,0.0
701,0.0,0.0571875,0.0
702,0.0,-0.06875,0.0
703,0.0,0.05375,0.0
704,0.0,0.0,0.0
705,0.0,0.0,0.0
706,0.0,0.0571875,0.0
707,0.0,0.0940625,0.0
708,0.0,0.0940625,0.0
709,-0.03125,0.05125,0.0
710,0.0,0.055625,0.0
711,0.03125,0.1684375,0.0
712,0.0,-0.0475,0.0
713,0.0,-0.0475,0.0
714,0.0,-0.06875,0.0
715,0.0,0.0,0.0
716,0.0,-0.06875,0.0
717,0.0,0.1084375,0.0
718,0.0,0.0571875,0.0
719,0.0,0.05375,0.0
720,0.25,1.6765625,0.31935538768307525
721,0.234375,1.7971875000000004,0.34946365401483
722,0.421875,3.187499999999999,0.43198512569615205
723,0.28125,1.9449999999999992,0.33077138892859737
724,0.1875,0.06749999999999995,0.3736653385079669
725,0.375,2.6484375,0.3978167696656621
726,0.109375,1.9359374999999996,0.369305073649405
727,0.21875,1.8087499999999996,0.3431615310355846
728,0.265625,1.9553124999999991,0.3713797628912471
729,0.203125,1.5521874999999996,0.4015067742374186
730,0.4375,2.3565624999999994,0.39740313114281905
731,0.0,-0.0565625,0.0
732,-0.03125,0.05125,0.0
733,0.03125,0.04718749999999999,0.00012172983891816096
734,0.03125,0.225625,0.00048510249240520857
735,-0.03125,0.0024999999999999953,0.00024164281456888665
736,0.03125,0.26249999999999996,0.0008484751458922563
737,0.0,0.114375,0.001816863267435238
738,0.03125,0.21,0.0008484751458922563
739,0.0,-0.11750000000000001,0.0006050154680559343
740,0.0,0.109375,0.0006050154680559343
741,0.0,0.06968749999999999,0.00024164281456888665
742,0.0,0.1109375,0.0007267453069740952
743,0.0,0.16562500000000002,0.0007267453069740952
744,0.0,0.206875,0.001743146519077414
745,0.046875,0.32625,0.004757858037425876
746,0.0,0.479375,0.009535569099554846
747,0.0,0.005312499999999984,0.010492907434424917
748,0.03125,0.3421875,0.009738872864479192
749,0.03125,0.6475000000000001,0.020536440585361308
750,0.0625,0.42437499999999995,0.027774516233124713
751,0.0625,0.12124999999999997,0.019016855547179645
752,0.0,0.20562500000000003,0.024672825038014847
753,0.09375,0.49,0.028392869632933325
754,0.03125,0.6156250000000001,0.029885348072416
755,0.046875,0.40875000000000006,0.027904851822392215
756,0.015625,0.5184374999999999,0.030163060383694068
757,0.03125,0.48750000000000004,0.03248951741521268
758,0.125,0.436875,0.028815640088242625
759,0.09375,0.6806249999999999,0.02801156134782753
760,0.0,0.3153125,0.029451626681637946
761,0.109375,0.8581249999999999,0.02790177024870054
762,0.0,0.534375,0.025204220038066685
763,0.0625,0.3715625,0.03073607025852421
764,0.0,0.446875,0.03611990834856852
765,0.03125,0.4509375,0.031004575776762158
766,0.0625,0.45031250000000006,0.03385680209021989
767,0.03125,0.4846875,0.041501486653551654
768,0.015625,0.20562499999999995,0.04012902342679889
769,0.0625,0.21812499999999999,0.03347715285433961
770,-0.03125,0.158125,0.043695458734499454
771,0.09375,0.9478125000000001,0.045396659555990176
772,0.078125,0.7496875000000001,0.05217800461221985
773,0.0,0.5709375000000001,0.05846600112619278
774,0.09375,0.2925,0.04259572882725027
775,0.03125,0.36531250000000004,0.04565469667728416
776,0.0625,0.6159375,0.05930983839776679
777,0.09375,0.50875,0.049631716503272784
778,0.03125,0.24093750000000005,0.06150779490929932
779,0.0,0.280625,0.05598416259835314
780,0.03125,0.9874999999999999,0.06442725745630579
781,0.15625,0.6615625,0.07410992573541042
782,0.09375,0.8046875,0.06828569537136163
783,0.109375,0.6975,0.06470751545819826
784,0.1875,1.135,0.0730648618557905
785,0.03125,0.5962500000000001,0.07956572036348747
786,0.0,0.5121875,0.1004286852320244
787,-0.0625,0.5215625,0.08927528923933711
788,0.09375,0.961875,0.09234996116419085
789,0.0,0.9524999999999999,0.10387181844036517
790,0.109375,1.4318749999999993,0.10431115887100655
791,0.0,0.73625,0.08592771641505588
792,0.171875,1.13,0.09454769001295979
793,0.09375,0.7493749999999999,0.0812045059316733
794,0.03125,1.0218749999999999,0.08375815199233609
795,-0.03125,0.5159375,0.12218241726678215
796,0.0625,0.8106249999999999,0.13143511387918272
797,0.015625,0.8456250000000001,0.13921290526850733
798,0.0625,0.8143750000000001,0.11327034533188224
799,0.0,0.6340625000000001,0.129815368364341
800,0.0625,0.5375,0.1437452523811698
801,0.234375,1.655625,0.16871515719170277
802,0.03125,0.7159375000000002,0.1527753300293363
803,0.0,1.1981249999999992,0.146702065855837
804,0.125,1.2206249999999996,0.17154975372832834
805,0.078125,0.39062499999999994,0.19659318607565981
806,0.125,1.4593749999999996,0.2031444140807027
807,0.296875,1.6724999999999994,0.21070795664008488
808,0.0,1.383125,0.25357984123845834
809,-0.078125,0.9346874999999998,0.19365416859433834
810,-0.125,0.9796875,0.21952832418863655
811,0.15625,1.7312499999999997,0.23079891410672826
812,0.0625,0.5868750000000003,0.18906730631437868
813,-0.0625,1.3737499999999998,0.19761258631452214
814,0.078125,1.3834374999999994,0.20036349547827165
815,0.15625,0.7781249999999998,0.1731892618085583
816,0.09375,1.1256249999999999,0.1879107364253786
817,0.0625,1.0003125,0.2353203650218629
818,-0.03125,0.50125,0.20046448200953496
819,0.125,1.3640624999999997,0.23358439416599355
820,-0.03125,1.258125,0.24234310611693427
821,-0.09375,1.6496875000000004,0.20833309469874312
822,0.03125,0.9115624999999997,0.2106272290096612
823,0.0625,1.2087499999999998,0.19502922978032777
824,0.0,0.5875000000000001,0.16885015247665122
825,0.0625,0.5993749999999998,0.18661831025968864
826,-0.046875,0.326875,0.200037929232705
827,0.0,1.10125,0.18923543325384978
828,0.03125,1.6596874999999998,0.1874919794174341
829,0.15625,1.8646875,0.18251559513404594
830,0.0625,0.6087499999999999,0.09088056209456671
831,-0.046875,0.67875,0.07649742657507855
832,0.078125,0.645,0.03884851873024982
833,-0.0625,0.015,0.02650554599151107
834,0.0,0.15093749999999995,0.023980891428488832
835,-0.03125,0.46937500000000004,0.02503729058087226
836,0.0,0.3390625,0.02352649352684401
837,0.125,0.9953124999999998,0.031345776453076034
838,0.03125,0.656875,0.027854538381721826
839,-0.03125,0.06187500000000001,0.02600770712402516
840,0.0625,0.21375,0.021742426010913245
841,0.03125,0.15625,0.02283412170258221
842,0.03125,0.013125000000000026,0.022310978084835297
843,0.03125,0.6746875,0.023513845005915707
844,-0.03125,0.19218749999999998,0.022279354340922763
845,0.0625,0.605625,0.02247289880662726
846,0.0625,0.5181250000000001,0.027395604719740323
847,-0.0625,0.33874999999999994,0.022382627202819798
848,-0.0625,0.3171875,0.021468828813367844
849,0.0625,0.3590625,0.019295721349363668
850,0.0625,0.6315625,0.02901702549926805
851,0.03125,0.1621875,0.021392001219037556
852,-0.0625,0.25781250000000006,0.018424623019087358
853,0.015625,0.7525,0.022840635638176197
854,0.0,0.27312500000000006,0.01830038204674958
855,0.03125,0.45999999999999996,0.01627663783386011
856,0.0,0.02093750000000001,0.0151487215803897
857,0.03125,0.40687500000000004,0.03039876918913327
858,0.0625,0.21906249999999994,0.01365934378275808
859,0.03125,0.6653125,0.019671561017464735
860,0.03125,0.11968749999999996,0.018944294753517936
861,0.09375,0.8206249999999999,0.02112688933690362
862,0.03125,0.10999999999999999,0.015704972922134585
863,0.03125,0.36093749999999997,0.021416217081445883
864,-0.03125,0.3275,0.013190228155246926
865,0.03125,0.3990625,0.012663457441260385
866,0.046875,0.5375,0.011980594080350392
867,0.03125,0.2940625,0.009397892616167865
868,0.0,-0.0071874999999999994,0.014318124612411942
869,0.03125,0.5271874999999999,0.02449299988052078
870,0.0,0.5584374999999999,0.01908835150807835
871,0.03125,0.5237499999999999,0.017316162640229376
872,0.0,0.5934375,0.023949333527176847
873,0.015625,0.3159374999999999,0.01558424605299196
874,0.078125,0.5968749999999999,0.0085828639438723
875,-0.03125,0.1534375,0.006488880818441297
876,0.0,-0.0403125,0.00884082089043946
877,0.015625,0.5025,0.008465126411142011
878,0.0,0.17375000000000002,0.007526058006331986
879,0.0,-0.0584375,0.006978985073036773
880,0.0,0.017812500000000002,0.005829446663585483
881,-0.03125,0.07750000000000001,0.0031105663215814376
882,0.0,0.0578125,0.004747515013816435
883,-0.03125,0.2065625,0.005337888176383167
884,0.0,0.090625,0.0019494725351871516
885,0.0,0.04250000000000001,0.005022643471743687
886,0.03125,1.1553125000000002,0.3011219966092969
887,-0.0625,2.3228125,0.3431331574997109
888,0.09375,1.786875,0.31908282179703734
889,0.296875,2.5343749999999994,0.3644291146998025
890,-0.1875,1.5568749999999996,0.35755849207891555
891,0.09375,2.2334374999999995,0.4117043414066188
892,0.0,-1.1778125000000006,0.5374920517293464
893,0.0,1.4959374999999997,0.3753435283483152
894,0.015625,0.18031250000000004,0.03551774570471835
895,-0.0625,0.22874999999999998,0.024955271698201883
896,0.03125,0.6634375000000001,0.03141402298998463
897,0.0625,0.2978125,0.028141513376957743
898,0.0,0.5843750000000001,0.031697390541148056
899,0.03125,0.24437499999999998,0.028571592859197432
900,0.0,0.020937499999999984,0.03395683220824695
901,0.0,0.48625,0.02576108021994671
902,0.0625,0.5675,0.032913405454914
903,0.03125,0.2609375,0.03090815408663148
904,0.140625,2.0528125,0.3618077751372044
905,0.234375,2.0403124999999993,0.36145042471862837
906,0.09375,1.4987499999999998,0.331642449901036
907,0.21875,2.299375,0.3777565371952782
908,0.0625,1.0487499999999998,0.31985643582877027
909,-0.03125,1.5168749999999995,0.31946186805639254
910,0.0,-0.0475,0.0
911,0.0,0.05375,0.0
912,0.0,0.1084375,0.0
913,0.03125,0.1159375,0.0
914,0.0,-0.024375,0.0
915,0.0,-0.0475,0.0
916,0.015625,0.14875,0.0
917,0.0,0.0940625,0.0
918,0.0,0.0571875,0.0
919,0.0,0.0,0.0
920,0.03125,0.1159375,0.0
921,-0.03125,0.0921875,0.0
922,0.03125,0.1159375,0.0
923,0.0,-0.0565625,0.0
924,-0.03125,0.05125,0.0
925,0.03125,0.1684375,0.0
926,0.0,-0.06875,0.0
927,0.03125,0.1159375,0.0
928,0.0,0.0571875,0.0
929,0.0,0.055625,0.0
930,0.0,-0.06875,0.0
931,0.0,-0.024375,0.0
932,0.015625,0.14875,0.0
933,0.0,0.0,0.0
934,0.0,0.1084375,0.0
935,0.0,0.055625,0.0
936,-0.03125,0.0921875,0.0
937,0.0,-0.024375,0.0
938,-0.03125,0.0921875,0.0
939,0.0,0.0571875,0.0
940,0.0,-0.024375,0.0
941,0.0,0.055625,0.0
942,0.0,-0.024375,0.0
943,0.0,-0.0565625,0.0
944,0.0,-0.02375,0.0
945,0.03125,0.1684375,0.0
946,0.0,0.055625,0.0
947,0.0,0.0571875,0.0
948,0.0,-0.0565625,0.0
949,0.0,0.1084375,0.0
950,0.0,-0.04875,0.0
951,0.0,0.055625,0.0
952,0.03125,0.1684375,0.0
953,0.0,-0.0475,0.0
954,-0.03125,0.0921875,0.0
955,0.0,-0.04875,0.0
956,0.0,-0.0475,0.0
957,0.0,0.0,0.0
958,0.0,0.0571875,0.0
959,0.0,0.0,0.0
960,0.0,0.055625,0.0
961,0.03125,0.1159375,0.0
962,-0.03125,0.05125,0.0
963,-0.03125,0.05125,0.0
964,0.0,-0.0475,0.0
965,0.0,0.05375,0.0
966,0.03125,0.1159375,0.0
967,0.0,-0.011875,0.0
968,0.0,0.05375,0.0
969,0.0,-0.0565625,0.0
970,0.0,0.0,0.0
971,0.0,-0.024375,0.0
972,-0.03125,0.0921875,0.0
973,0.0,0.1084375,0.0
974,0.0,0.0571875,0.0
975,0.03125,0.1159375,0.0
976,0.0,-0.0475,0.0
977,0.0,0.0,0.0
978,0.015625,0.14875,0.0
979,0.03125,0.1159375,0.0
980,0.03125,0.1684375,0.0
981,0.0,-0.0475,0.0
982,0.015625,0.14875,0.0
983,0.0,-0.0565625,0.0
984,0.0,0.0571875,0.0
985,-0.03125,0.05125,0.0
986,0.0,0.0,0.0
987,0.0,0.055625,0.0
988,0.0,0.0940625,0.0
989,0.015625,0.14875,0.0
990,0.0,-0.04875,0.0
991,0.0,0.0571875,0.0
992,0.0,0.0,0.0
993,0.0625,0.284375,0.0010156662573970316
994,-0.03125,0.059687499999999984,0.004163101631968226
995,0.03125,0.2915625,0.005791167853035329
996,0.046875,0.5059375,0.00842598148627919
997,0.0,-0.24781250000000002,0.014092344568547927
998,0.0,0.123125,0.01297780313579009
999,-0.03125,0.369375,0.011238898698937369
1000,0.03125,0.0709375,0.00781649296911665
1001,-0.015625,0.4265625,0.01079359691039917
1002,0.03125,0.19625,0.011337130357190351
1003,0.03125,0.14375,0.014201917166027896
1004,0.0,0.2134375,0.014984164344169264
1005,0.0,0.7237499999999999,0.01903011237272345
1006,0.0,0.2190625,0.021289832144247837
1007,0.03125,0.14312499999999997,0.01799532163128198
1008,-0.03125,-0.018437500000000016,0.01731257349797134
1009,0.0625,0.9425,0.026867556841923358
1010,0.0625,0.6040625,0.03591086052668662
1011,0.0,0.5475,0.03127914085499652
1012,0.09375,0.44437499999999996,0.030333729262834338
1013,0.0,0.24937499999999999,0.029973820053483334
1014,0.078125,1.020625,0.03535313456222841
1015,0.125,0.5828125,0.02945377695714904
1016,0.0,0.2309375,0.022641108789511036
1017,0.046875,0.6521874999999999,0.03113658572227221
1018,0.0,0.561875,0.049384920370645964
1019,0.03125,0.18062500000000004,0.03900151175329482
1020,0.109375,0.7068749999999999,0.036732571222352496
1021,0.09375,0.8868750000000001,0.045917702504823805
1022,-0.03125,0.67875,0.04660127480786897
1023,0.09375,1.0159375000000002,0.06299561296710697
1024,0.015625,0.6446874999999999,0.048571316837656454
1025,0.046875,0.8640624999999998,0.0687381444084877
1026,0.015625,0.479375,0.07766671910803426
1027,0.0,0.5475,0.06831257296773814
1028,-0.03125,0.4415624999999999,0.06539201428790044
1029,-0.03125,0.5625,0.0786510728878706
1030,-0.125,0.6778125000000002,0.09387910451715069
1031,-0.03125,0.604375,0.10381245131317147
1032,0.03125,0.9178124999999997,0.14101631949664342
1033,0.03125,1.0725,0.1411729211613179
1034,0.03125,0.9596874999999999,0.11147440945433666
1035,-0.09375,0.584375,0.09635281412691335
1036,-0.03125,0.5534375000000001,0.12546145285200136
1037,0.046875,1.4449999999999998,0.13913115960795783
1038,0.0,0.36687500000000006,0.11598011733960661
1039,0.03125,0.7234375000000001,0.11217472032730291
1040,0.03125,0.5521875,0.1196588643860575
1041,0.15625,0.7293749999999999,0.12533132137562683
1042,0.03125,0.9534374999999999,0.11987031924667278
1043,0.0,0.495,0.14787273250078112
1044,-0.1875,0.8387500000000001,0.12958592098588897
1045,-0.09375,0.251875,0.11145161487734313
1046,0.03125,1.0074999999999998,0.13732459298383107
1047,0.140625,1.3881249999999998,0.12219330974237459
1048,0.21875,1.3803125,0.12935269466354335
1049,-0.0625,0.77875,0.12772115128736197
1050,0.109375,0.5940624999999999,0.11550126857934531
1051,0.0,0.7846875,0.14027964139428978
1052,0.03125,1.545625,0.13547094229952747
1053,-0.0625,0.5918750000000002,0.15184929820992835
1054,0.1875,0.9571875000000002,0.12188496007991993
1055,0.0625,0.45125000000000026,0.12460638058388253
1056,-0.0625,1.2974999999999999,0.17576051426443048
1057,0.0625,0.8553124999999998,0.11733179671604943
1058,-0.125,0.6084375,0.14770751979266492
1059,-0.03125,0.8603125,0.1355852770649031
1060,0.0625,0.9443749999999999,0.1261232365282266
1061,0.09375,0.8462500000000001,0.1302751979656424
1062,-0.03125,0.3556249999999999,0.14605927318301196
1063,-0.140625,1.2934374999999998,0.16466233176750758
1064,0.0,0.8043750000000001,0.13698453536447136
1065,-0.03125,0.2103125,0.13287764551136472
1066,-0.015625,0.9434375,0.1450752390510943
1067,-0.15625,0.969375,0.17809754840098396
1068,0.0,0.835625,0.1523680105791633
1069,-0.046875,0.34812500000000013,0.14602469565160334
1070,-0.015625,1.0515625,0.18892191821184945
1071,-0.0625,0.2903125000000001,0.2091784761230832
1072,0.03125,0.7381249999999999,0.19027392159145393
1073,0.125,1.2909375,0.28550957588832826
1074,0.0,1.3281249999999998,0.2276244377064652
1075,-0.15625,1.9678125,0.32513995891693515
1076,-0.03125,1.3156249999999996,0.2784515450210651
1077,-0.03125,1.5074999999999996,0.3482062182829873
1078,0.015625,2.3709374999999997,0.35708139960145296
1079,0.25,2.1687499999999997,0.3247901000224763
1080,0.03125,1.6974999999999998,0.33757060129383853
1081,0.078125,2.1653124999999993,0.3360224249459639
1082,0.0,1.8599999999999999,0.37825010704219814
1083,0.0,-1.3240625000000006,0.52104399896064
1084,0.078125,1.8146874999999993,0.3253612928964124
1085,0.015625,1.9290624999999997,0.3436377421614688
1086,0.015625,0.19968749999999996,0.0030471979217125563
1087,-0.0625,0.18343750000000003,0.003525976867494535
1088,-0.03125,0.1575,0.0036438077772095435
1089,0.0,-0.025312499999999995,0.003999207783605788
1090,0.0,0.07875000000000001,0.0032217476096654874
1091,0.0,0.2734375,0.005130289202297244
1092,0.0625,0.29562499999999997,0.0030984508853519285
1093,0.046875,0.3740625,0.003367918882430125
1094,0.0,0.095,0.003108717138544049
1095,0.03125,0.224375,0.009963372311066608
1096,0.078125,0.3084374999999999,0.01242496141459103
1097,0.0625,0.5818749999999999,0.015049084827864424
1098,0.03125,0.27249999999999996,0.01137392119589578
1099,0.0,0.1328125,0.015675338985227095
1100,0.0,0.4240625,0.015887692646523694
1101,-0.03125,0.573125,0.016495534605319787
1102,0.03125,0.18281250000000002,0.025282199551125404
1103,0.03125,0.21406249999999996,0.028747588363880028
1104,0.09375,0.933125,0.03505298230370539
1105,0.0,0.26031249999999995,0.04690159180658954
1106,0.0625,0.38875,0.054929456589937246
1107,-0.03125,0.1609375,0.05459127085175669
1108,0.125,0.9381249999999999,0.08152490950156657
1109,-0.0625,0.5253125000000001,0.09085710873460145
1110,0.0,0.80125,0.13281184869366533
1111,-0.03125,0.8484375,0.13933357315545375
1112,0.0625,1.0846875,0.16320817377677974
1113,0.0,0.705625,0.17037513604440918
1114,0.046875,0.723125,0.16363181571489963
1115,0.078125,2.6475,0.3591110258319717
1116,0.046875,1.4509374999999998,0.30593773452132417
1117,-0.09375,1.1290624999999999,0.3379361996513705
1118,-0.109375,1.3296875,0.33917827309654686
1119,0.0,1.6371874999999998,0.3372609670367921
1120,0.0,0.0153125,0.0
1121,0.0,0.0571875,0.0
1122,0.0,-0.06875,0.0
1123,-0.03125,1.4715624999999997,0.3847795087129214
1124,0.09375,1.8046875,0.35611964993760087
1125,0.0,1.346875,0.3913376676923168
1126,-0.046875,1.3943750000000001,0.3323879572047674
1127,-0.109375,1.29125,0.3237674944367667
1128,0.015625,1.6712499999999997,0.31864885623534833
1129,0.0,-0.0340625,0.0
1130,0.0,-0.0565625,0.0
1131,0.0,0.0571875,0.0
1132,0.03125,0.1684375,0.0
1133,0.0,0.055625,0.0
1134,-0.1875,0.7025,0.33703776224706
1135,-0.15625,1.1453125,0.3458314862755518
1136,0.03125,1.335,0.36227761618170673
1137,-0.015625,1.5331249999999996,0.29582686198576397
1138,0.03125,0.3640624999999999,0.2890148734429554
1139,-0.046875,1.1075,0.2847155368111974
1140,-0.375,1.7334374999999995,0.36346389828363485
1141,-0.21875,1.5743749999999994,0.3324699939006774
1142,-0.015625,1.6284374999999998,0.3450875483933891
1143,-0.0625,0.9203125000000002,0.28820209211406617
1144,0.3125,2.0159375,0.35991851340888653
1145,-0.1875,0.2981250000000003,0.3919097405484106
1146,0.0,-0.0565625,0.0
1147,0.0,0.0940625,0.0
1148,0.015625,0.14875,0.0
1149,0.0,0.055625,0.0
1150,0.0,0.0571875,0.0
1151,0.0,-0.024375,0.0
1152,0.0,0.0571875,0.0
1153,0.0,0.0571875,0.0
1154,0.0,0.055625,0.0
1155,0.0,0.0571875,0.0
1156,0.03125,0.1159375,0.0
1157,0.0,0.0571875,0.0
1158,0.0,-0.0340625,0.0
1159,0.0,0.0940625,0.0
1160,0.0,0.05375,0.0
1161,0.0,-0.0475,0.0
1162,0.0,0.0571875,0.0
1163,0.0,0.0940625,0.0
1164,0.0,0.0571875,0.0
1165,-0.03125,0.05125,0.0
1166,0.0,0.055625,0.0
1167,0.0,-0.02375,0.0
1168,0.0,-0.024375,0.0
1169,0.0,0.1084375,0.0
1170,0.03125,0.1684375,0.0
1171,-0.03125,0.05125,0.0
1172,0.0,0.0,0.0
1173,0.015625,0.14875,0.0
1174,0.0,-0.0565625,0.0
1175,0.03125,0.1684375,0.0
1176,0.0,0.0571875,0.0
1177,0.0,-0.0475,0.0
1178,0.0,-0.04875,0.0
1179,0.0,0.1084375,0.0
1180,0.03125,0.1159375,0.0
1181,0.0,0.055625,0.0
1182,0.0,0.0571875,0.0
1183,0.0,0.0153125,0.0
1184,0.0,0.0571875,0.0
1185,0.0,-0.06875,0.0
1186,0.0,0.05375,0.0
1187,0.0,0.0,0.0
1188,0.03125,0.1159375,0.0
1189,-0.03125,0.0921875,0.0
1190,0.0,-0.04875,0.0
1191,0.03125,0.1159375,0.0
1192,0.0,-0.0340625,0.0
1193,0.0,0.1084375,0.0
1194,0.0,0.0571875,0.0
1195,0.03125,0.1684375,0.0
1196,-0.03125,0.05125,0.0
1197,0.0,0.0153125,0.0
1198,-0.03125,0.05125,0.0
1199,0.03125,0.1684375,0.0
1200,0.0,0.05375,0.0
1201,0.015625,0.14875,0.0
1202,0.0,0.0571875,0.0
1203,0.0,0.05375,0.0
1204,0.0,0.0571875,0.0
1205,0.0,0.0940625,0.0
1206,0.0,0.0571875,0.0
1207,0.0,-0.024375,0.0
1208,0.0,-0.02375,0.0
1209,0.0,0.1084375,0.0
1210,0.0,0.0,0.0
1211,0.03125,0.1684375,0.0
1212,0.03125,0.1684375,0.0
1213,0.0,0.1084375,0.0
1214,0.0,-0.0340625,0.0
1215,-0.03125,0.0921875,0.0
1216,0.0,-0.0340625,0.0
1217,-0.03125,0.0921875,0.0
1218,0.0,0.0153125,0.0
1219,0.0,0.0153125,0.0
1220,0.0,-0.0475,0.0
1221,0.0,-0.0565625,0.0
1222,0.0,-0.02375,0.0
1223,0.0,-0.024375,0.0
1224,0.0,0.1621875,0.0006050154680559343
1225,0.0,0.2034375,0.0014878057335696538
1226,0.0,-0.11500000000000002,0.0014432009641388943
1227,-0.03125,0.2134375,0.0019275477010352894
1228,0.0,0.1184375,0.0010001526660908104
1229,0.0,0.270625,0.0028482551571766025
1230,0.03125,0.14406249999999998,0.0013521944046508104
1231,0.0,-0.1040625,0.0005307485269537195
1232,0.03125,0.09156249999999999,0.00021198064289743154
1233,0.0,-0.0725,0.0039894543702726415
1234,-0.03125,-0.04125000000000001,0.002026298031717153
1235,-0.03125,0.058750000000000004,0.003035338632340311
1236,0.0625,0.3796875,0.004971304984115748
1237,-0.03125,0.206875,0.0034418097453231453
1238,0.046875,0.29750000000000004,0.002671602006924042
1239,0.0,0.22593749999999999,0.003094423617878359
1240,0.0625,0.1803125,0.0052494961937586395
1241,0.0,0.38093750000000004,0.009585718098335754
1242,0.03125,0.3003125,0.0075060110080936255
1243,0.0,-0.234375,0.013642209079200633
1244,0.0625,0.33875,0.00693258975118848
1245,0.03125,0.1765625,0.01305639892731808
1246,-0.0625,0.3571875,0.012646365847429742
1247,-0.03125,0.11374999999999998,0.014129006558640854
1248,-0.03125,0.3540625,0.02100461301633395
1249,0.0625,0.38437499999999997,0.018075841522437047
1250,0.0,0.038125000000000006,0.0322184976779475
1251,0.03125,0.4596875,0.03435701108748033
1252,0.015625,-0.06875000000000003,0.041601031348150005
1253,0.0625,0.545625,0.04570582526779458
1254,0.0,0.531875,0.05527640985692256
1255,0.0,0.7728124999999999,0.06435808732984748
1256,0.0,0.9574999999999999,0.06165200676919567
1257,-0.015625,0.5846875,0.05294497880107301
1258,0.15625,0.44375000000000003,0.055761382951333434
1259,-0.015625,0.7321875000000002,0.07968482778087341
1260,0.15625,0.8840625,0.08266522497074985
1261,0.03125,0.4309375,0.0806751096028491
1262,-0.015625,0.5481249999999999,0.07621346994535094
1263,0.046875,1.0171874999999997,0.11709021433319126
1264,0.046875,0.8450000000000001,0.136169423447585
1265,-0.03125,1.169375,0.13201670879068714
1266,0.03125,0.9012500000000001,0.13156809856662324
1267,-0.03125,0.9193749999999999,0.12902235748932275
1268,0.140625,1.2212500000000002,0.20026273786084664
1269,0.078125,1.3087499999999996,0.18758660957872147
1270,-0.03125,-0.33687500000000004,0.30356207103761484
1271,-0.03125,0.5131249999999999,0.2675861667886052
1272,-0.046875,0.7384375000000001,0.08895112680359474
1273,0.03125,0.3459375000000001,0.3212677436243925
1274,0.1875,1.9199999999999997,0.31624180907799165
1275,0.0625,0.5803125,0.27782427130255816
1276,-0.078125,1.6062499999999997,0.31250416446254764
1277,0.0,1.6824999999999994,0.3360908652217173
1278,-0.09375,1.7234374999999995,0.3048943409700734
1279,0.015625,1.0621874999999998,0.2792366133525889
1280,-0.09375,0.6453125000000001,0.2665294140890027
1281,-0.21875,2.0943750000000003,0.3542371878070141
1282,-0.046875,1.5521874999999996,0.2947622177296268
1283,-0.09375,0.6415624999999998,0.282334322333421
1284,-0.03125,0.0921875,0.0005579824539847812
1285,-0.140625,1.0518750000000001,0.2921284751750122
1286,0.0625,1.3859375,0.2711155125188443
1287,0.0625,0.40249999999999997,0.006257443631824753
1288,-0.0625,0.33812499999999995,0.0062918569951854325
1289,-0.015625,0.26062499999999994,0.004572522628869356
1290,-0.0625,0.11625,0.004721717031714457
1291,0.0,0.0875,0.004354576808596394
1292,-0.03125,0.11249999999999999,0.0050957567472771255
1293,0.0,-0.1265625,0.005946895209979819
1294,-0.03125,0.27281249999999996,0.008175191750177193
1295,0.0,0.11937499999999998,0.006728539169181927
1296,-0.0625,0.24156249999999999,0.013360781116157072
1297,0.046875,0.38,0.01125340072915393
1298,0.0,0.44843749999999993,0.011599662045131838
1299,-0.0625,0.42093749999999996,0.013463840689571686
1300,0.0,0.36625,0.01148652643332645
1301,0.0,0.09375,0.017549403399571544
1302,0.03125,0.25781250000000006,0.012571260655203014
1303,0.0625,0.6671874999999998,0.016648623868101214
1304,-0.03125,0.293125,0.01353204816249575
1305,-0.015625,0.37625,0.011910986104899787
1306,0.03125,0.3140625000000001,0.01681398711229424
1307,0.03125,0.10499999999999998,0.011009819129205067
1308,0.03125,0.326875,0.012990585387869465
1309,0.03125,0.468125,0.01105180233956332
1310,-0.03125,0.2684375,0.011223303480713615
1311,-0.03125,0.14531249999999998,0.018565482983196754
1312,-0.03125,-0.0328125,0.017555491915744882
1313,-0.0625,0.42968749999999994,0.02738172751150704
1314,-0.03125,0.4515625,0.023870427129448094
1315,-0.03125,-0.1715625,0.03316057333573215
1316,0.0625,0.3471874999999999,0.02194911177085092
1317,-0.09375,0.1234375,0.024387549544239936
1318,0.03125,0.499375,0.028934279062137
1319,-0.03125,0.012499999999999997,0.03677911571608323
1320,0.09375,0.608125,0.03255478158899474
1321,0.09375,0.6224999999999999,0.02670433779841237
1322,-0.0625,-0.0778125,0.02514004252006883
1323,0.0625,0.36187500000000006,0.025029420988325404
1324,-0.046875,0.281875,0.02701838457194369
1325,0.0,0.53625,0.029846474182256166
1326,-0.0625,0.159375,0.02842368614767504
1327,0.0,-0.02593750000000003,0.02641698187860657
1328,0.03125,0.6074999999999999,0.042613133291004426
1329,-0.09375,0.23031249999999998,0.04270101775815544
1330,0.078125,1.0309375,0.050279761930677735
1331,-0.109375,0.9793749999999999,0.05447289335063271
1332,0.0,0.024374999999999994,0.08414939675845926
1333,-0.03125,1.1149999999999998,0.0859018412172365
1334,-0.09375,1.04,0.12050286894585988
1335,-0.28125,0.4575,0.2389328771660029
1336,-0.125,-0.19406249999999997,0.2682150323590373
1337,-0.25,1.5340624999999999,0.29669726775786803
1338,-0.0625,0.48499999999999993,0.04619205960070073
1339,0.0,-1.2059375,0.8917234199772364
1340,0.03125,1.0684374999999997,0.41265237420519607
1341,-0.03125,-1.2000000000000002,0.4671452744015446
1342,0.09375,0.15468749999999992,0.319281915893574
1343,0.0,0.0,0.0
1344,-0.078125,2.863125,0.42827711830513554
1345,0.140625,0.7028124999999996,0.5763536497442702
1346,0.0625,2.38625,0.544955287308978
1347,0.0,-1.4128125000000002,0.6691043824986719
1348,0.0,-1.5371875000000006,0.6798890355458003
1349,0.0,1.7199999999999993,1.0
1350,-0.90625,2.9490625000000015,0.8955836038105358
1351,-0.6875,1.9834375,0.5568514157581309
1352,0.0,-1.8521875000000012,0.6561109740861342
1353,0.0,-1.7359375000000006,0.6207951090214618
1354,0.03125,-1.0250000000000006,0.6606525839624396
1355,0.234375,3.1784374999999985,0.41148777377341555
1356,0.0,-1.3743750000000003,0.5401380757629435
1357,-0.03125,0.13874999999999998,0.780586499998488
1358,-0.21875,1.9478125,0.35096186742987273
1359,-0.03125,0.080625,0.001062987439248985
1360,0.0,-0.09687500000000002,0.0032581474629520563
1361,-0.015625,0.1434375,0.001227899907160651
1362,0.15625,2.1431249999999995,0.36938629751304913
1363,0.0625,1.3074999999999999,0.38718832255149843
1364,0.0,0.260625,0.000684920966390155
1365,0.0,-1.6856250000000006,0.7893381534492291
1366,-0.15625,2.243125,0.43366248770438415
1367,0.0,0.007500000000000007,0.36390567925516853
1368,0.0625,0.5975,0.007392185035303396
1369,0.0,0.014374999999999999,0.006206320194137187
1370,0.25,2.4878124999999995,0.292838124522844
1371,0.0,-0.41562499999999997,0.26807643719579005
1372,-0.046875,0.7415625000000001,0.22868909155556563
1373,0.296875,2.3793749999999996,0.3293190250109008
1374,0.078125,1.4940625,0.2270651951351312
1375,0.09375,0.35468750000000004,0.012637016845751435
1376,-0.03125,0.026874999999999996,0.00040739767243248853
1377,0.03125,0.1715625,0.0005438758926973722
1378,0.0,-0.071875,0.0005438758926973722
1379,-0.0625,1.4625,0.09653679582766979
1380,-0.1875,1.7446874999999997,0.33106581738428376
1381,0.0,1.5153124999999996,0.24925999964287363
1382,0.125,0.24124999999999994,0.25926022390204395
1383,0.078125,0.026250000000000023,0.2541453457223957
1384,0.21875,1.728125,0.303198571787491
1385,0.03125,0.35625000000000007,0.36316645006372034
1386,0.0,0.0,0.0
1387,0.0,0.0,0.0
1388,0.0,1.7818749999999994,0.8189908198040732
1389,0.0,-1.5159375000000006,0.7496904911825694
1390,0.0,0.5037500000000001,0.8420371878668033
1391,0.0,0.055625,0.0
1392,0.21875,0.7484375000000001,0.3500374642871013
1393,-0.125,1.910625,0.5143038644545057
1394,0.125,2.471875,0.5714740676987461
1395,-0.03125,0.3518749999999998,0.47863315790313643
1396,0.0625,2.1265625000000004,0.5611739489706793
1397,0.0,-1.3746875000000003,0.7679673638068052
1398,0.265625,2.6015625,0.3670688853272753
1399,-0.5625,2.247500000000001,0.4831877994945107
1400,0.0,0.11156250000000004,0.5935562090958205
1401,0.09375,0.7209375000000002,0.31693802220699546
1402,0.359375,2.926875,0.39721627767973033
1403,0.234375,2.2596874999999996,0.38562875449760536
1404,0.0,-1.3771875000000005,0.6209232937110001
1405,0.0,0.0,0.0
1406,0.0,0.0,0.0
1407,0.0,0.0,0.0
1408,0.125,1.7303124999999997,0.3301694912169017
1409,0.09375,2.846249999999999,0.38566594586054753
1410,0.0,0.0153125,0.0
1411,0.0,-0.04875,0.0
1412,-0.03125,0.106875,0.0005789390472676719
1413,0.015625,1.370625,0.19204807087236606
1414,0.09375,2.1553125000000004,0.3352712242481864
1415,0.109375,0.6915624999999999,0.2938524430372517
1416,-0.03125,-0.9150000000000001,0.4199194211739979
1417,0.015625,0.5903125,0.42937586931036653
1418,-0.375,2.11375,0.4286252377860448
1419,0.546875,3.4006250000000007,0.48029102473173246
1420,0.0,-0.9934375000000002,0.6308952620822837
1421,0.0,-1.0296874999999999,0.6834777363978976
1422,0.0,-1.5000000000000004,0.6327315085854689
1423,0.0,-0.8218750000000004,0.5632806530860772
1424,0.03125,0.1159375,0.0
1425,0.0,-0.0475,0.0
1426,0.03125,-1.3984375000000002,0.6454621562206485
1427,0.0,1.7253124999999994,0.9192017653702272
1428,0.015625,0.04531249999999996,0.4915076144372742
1429,0.0,0.5028125,0.5449073019555333
1430,-0.96875,2.8103125000000015,0.9482944184841866
1431,0.0,-1.4215625000000003,0.7676213507153261
1432,0.0,-1.4100000000000001,0.6532732238623346
1433,0.0,0.0,0.0
1434,0.0,0.0,0.0
1435,0.0,0.0,0.0
1436,0.0,0.0,0.0
1437,0.0,0.0,0.0
1438,0.0,0.0,0.0
1439,0.0,0.0,0.0
1440,0.0,0.0,0.0
1441,0.0,0.0,0.0
1442,0.0,0.0,0.0
1443,0.0,0.0,0.0
1444,0.0,0.0,0.0
1445,0.0,0.0,0.0
1446,0.0,0.0,0.0
1447,0.0,0.0,0.0
1448,0.0,0.0,0.0
1449,0.0,0.0,0.0
1450,0.0,0.0,0.0
1451,0.0,0.0,0.0
1452,0.0,0.0,0.0
1453,0.0,0.0,0.0
1454,0.0,0.0,0.0
1455,0.0,0.0,0.0
1456,0.0,0.0,0.0
1457,0.0,0.0,0.0
1458,0.0,0.0,0.0
1459,0.0,0.0,0.0
1460,0.0,0.0,0.0
1461,0.0,0.0,0.0
1462,0.0,0.0,0.0
1463,0.0,0.0,0.0
1464,0.0,0.0,0.0
1465,0.0,0.0,0.0
1466,0.0,0.0,0.0
1467,0.0,0.0,0.0
1468,0.0,0.0,0.0
1469,0.0,0.0,0.0
1470,0.0,0.0,0.0
1471,0.0,0.0,0.0
1472,0.0,0.0,0.0
1473,0.0,0.0,0.0
1474,0.0,0.0,0.0
1475,0.0,0.0,0.0
1476,0.0,0.0,0.0
1477,0.0,0.0,0.0
1478,0.0,0.0,0.0
1479,0.0,0.0,0.0
1480,0.0,0.0,0.0
1481,0.0,0.0,0.0
1482,0.0,0.0,0.0
1483,0.0,0.0,0.0
1484,0.0,0.0,0.0
1485,0.0,0.0,0.0
1486,0.0,0.0,0.0
1487,0.0,0.0,0.0
1488,0.0,0.0,0.0
1489,0.0,0.0,0.0
1490,0.0,0.0,0.0
1491,0.0,0.0,0.0
1492,0.0,0.0,0.0
1493,0.0,0.0,0.0
1494,-0.34375,2.0428124999999993,0.4881615743400075
1495,0.0,-0.0475,0.0
1496,0.03125,0.1159375,0.0
1497,-0.0625,1.9131249999999993,0.7818441798774135
1498,0.421875,2.2125,0.38810758653496985
1499,-0.21875,2.1234375,0.4479122139749211
1500,0.0,-1.5346875000000006,0.5475666029186135
1501,-0.34375,1.3453125000000001,0.3623634588587047
1502,-0.625,2.3825000000000007,0.5190897352837353
1503,0.0,-1.1665624999999995,0.662837873430095
1504,0.65625,3.6409375,0.5783705234764589
1505,0.046875,1.7800000000000002,0.33668414896275406
1506,-0.515625,2.08375,0.5026983892146166
1507,0.0,-0.41343749999999996,0.5697153869093173
1508,-0.0625,-0.08843750000000004,0.3618017164588596
1509,-0.1875,1.8203124999999998,0.3612755296523798
1510,0.0,-1.7475000000000007,0.888386902896079
1511,0.0,-1.286875,0.6210232625977986
1512,-0.234375,2.7859375000000006,0.43972767613773517
1513,0.015625,0.71625,0.32469052037275375
1514,0.015625,-1.4134375000000001,0.7291870475645206
1515,0.25,1.613125,0.32908941408376147
1516,0.0625,1.8274999999999997,0.32902826140410224
1517,0.359375,2.5699999999999994,0.36434864432482783
1518,0.03125,0.0234375,0.001164823362888551
1519,-0.015625,0.298125,0.0018176102815395932
1520,0.0,-0.0584375,0.00029119298018355055
1521,0.0,0.3834375,0.009092012465032896
1522,0.0625,0.2603125,0.3554990464385596
1523,0.09375,2.3621875,0.3047009007421008
1524,0.078125,1.92625,0.47794972861330987
1525,-0.03125,-1.110625,0.5556335943732398
1526,0.0625,-0.22687500000000016,0.5727318055002829
1527,0.0,0.0,0.0
1528,0.0,0.0,0.0
1529,0.0,0.0,0.0
1530,0.0,0.0,0.0
1531,0.0,0.0,0.0
1532,0.0,0.0,0.0
1533,0.0,0.0,0.0
1534,0.0,0.0,0.0
1535,0.0,0.0,0.0
1536,0.0,0.0,0.0
1537,0.0,0.0,0.0
1538,0.0,0.0,0.0
1539,0.0,0.0,0.0
1540,0.0,0.0,0.0
1541,0.0,0.0,0.0
1542,0.0,0.0,0.0
1543,0.0,0.0,0.0
1544,0.0,0.0,0.0
1545,0.03125,-1.3096875000000001,0.5932659830069184
1546,0.0,-0.8740624999999997,0.4850463835034049
1547,0.0,1.6459375000000007,0.8577034992698526
1548,-0.03125,-1.284375,0.562908011512566
1549,0.0,-1.4493750000000007,0.8900181050133824
1550,-0.09375,-0.9840625,0.46142584345203075
1551,0.0,-1.6981250000000008,0.6160550804158456
1552,0.0,-0.1253125,0.0009786735385870103
1553,0.03125,-0.43937499999999996,0.2227462872070755
1554,0.0,1.6906249999999996,0.25149999197813133
1555,0.0625,-0.42000000000000004,0.202048512473152
1556,0.046875,0.05499999999999991,0.195057945951603
1557,0.03125,0.41562499999999997,0.023635786878435303
1558,0.0,0.0,0.0
1559,0.0,0.0,0.0
1560,0.0,0.0,0.0
1561,0.0,0.0,0.0
1562,0.0,0.0,0.0
1563,0.0,0.0,0.0
1564,0.0,0.0,0.0
1565,0.0,0.0,0.0
1566,0.0,0.0,0.0
1567,0.0,0.0,0.0
1568,0.0,0.0,0.0
1569,0.0,0.0,0.0
1570,0.0,0.0,0.0
1571,-0.03125,-0.30781250000000004,0.03747912373373742
1572,0.1875,2.3099999999999996,0.2840296187456651
1573,0.03125,0.5928125,0.23331067449981152
1574,-0.125,1.5349999999999997,0.27921866631665493
1575,0.140625,2.8128125,0.3078680598800904
1576,0.078125,0.285625,0.016694685334552765
1577,0.0625,0.43375,0.013061108614576883
1578,0.390625,2.0993749999999993,0.38086239040760334
1579,0.09375,0.5506250000000001,0.3377743917182113
1580,0.140625,2.5543749999999994,0.3909636601396791
1581,0.0625,1.8821875000000001,0.46522567080974203
1582,0.0,-1.3193750000000004,0.6960099843712724
1583,-0.0625,0.20531249999999984,0.39245335644272883
1584,0.125,2.0018749999999996,0.3370570052479148
1585,0.0,-1.649375000000001,0.6872914938780978
1586,0.0,0.0,0.0
1587,0.0,0.0,0.0
1588,0.0,0.0,0.0
1589,0.0,0.0,0.0
1590,0.0,0.0,0.0
1591,0.0,0.0,0.0
1592,0.0,0.0,0.0
1593,0.0,0.0,0.0
1594,0.0,0.0,0.0
1595,0.0,0.0,0.0
1596,0.0,0.0,0.0
1597,0.0,0.0,0.0
1598,-0.03125,3.4537499999999994,0.9655511563150897
1599,0.0625,2.4259375,0.39900737284452725
1600,-0.03125,0.05125,0.0
1601,0.0,-0.0340625,0.0
1602,0.0,0.1084375,0.0
1603,0.0,-0.8081249999999996,0.6163057157854623
1604,0.015625,-1.5421875000000005,0.7493574451822654
1605,0.40625,1.7937499999999988,0.4331948371690517
1606,-0.015625,2.288125,0.3997270464725334
1607,0.03125,-0.9456249999999998,0.48518740896335166
1608,0.03125,1.5815625,0.34112144586970866
1609,0.0,0.055625,0.0
1610,0.0,-0.024375,0.0
1611,0.0,0.0571875,0.0
1612,0.0,0.0571875,0.0
1613,0.0,0.055625,0.0
1614,0.0,0.0940625,0.0
1615,0.03125,0.1684375,0.0
1616,0.0,-0.06875,0.0
1617,0.0,-0.0565625,0.0
1618,0.0,-0.024375,0.0
1619,0.0,0.0940625,0.0
1620,0.0,0.0940625,0.0
1621,0.015625,0.14875,0.0
1622,0.0,-0.04875,0.0
1623,0.0,0.055625,0.0
1624,0.0,0.055625,0.0
1625,0.0,0.0571875,0.0
1626,0.03125,0.1684375,0.0
1627,0.015625,0.14875,0.0
1628,0.0,0.0940625,0.0
1629,0.0,0.0,0.0
1630,0.0,0.051875000000000004,0.00024389966135382715
1631,0.03125,0.225625,0.0004896331547479087
1632,0.0,0.04531249999999999,0.00024389966135382715
1633,-0.0625,0.6265625,0.03475528127475022
1634,-0.09375,1.3628125,0.10248983423905456
1635,-0.03125,1.1821875,0.24939541234920448
1636,-0.0625,0.9487499999999993,0.22485845274584437
1637,0.0625,1.0125,0.2153192803289146
1638,0.28125,2.3078125,0.26202158621613186
1639,0.0,0.0940625,0.0
1640,0.0,-0.0565625,0.0
1641,0.0,-0.06875,0.0
1642,0.0,-0.0565625,0.0
1643,0.0,0.055625,0.0
1644,0.0,0.0940625,0.0
1645,0.0,-0.0475,0.0
1646,0.0,0.055625,0.0
1647,0.0,0.055625,0.0
1648,0.0,0.0571875,0.0
1649,0.0,0.1084375,0.0
1650,0.0,-0.024375,0.0
1651,0.03125,0.1159375,0.0
1652,0.0,0.0571875,0.0
1653,-0.03125,0.05125,0.0
1654,0.0,-0.06875,0.0
1655,0.0,0.1084375,0.0
1656,0.0,-0.04875,0.0
1657,-0.03125,0.0921875,0.0
1658,0.0,-0.0565625,0.0
1659,0.0,0.0153125,0.0
1660,0.03125,0.1159375,0.0
1661,0.0,0.0571875,0.0
1662,0.0,-0.0565625,0.0
1663,0.0,-0.04875,0.0
1664,0.0,0.0571875,0.0
1665,0.0,0.0,0.0
1666,-0.03125,0.0921875,0.0
1667,0.0,-0.04875,0.0
1668,0.0,-0.0475,0.0
1669,0.0,-0.113125,0.001688394792721258
1670,0.015625,-0.7959374999999999,0.36071966112151194
1671,0.265625,2.7178125,0.34065578168659877
1672,0.0,-0.4881249999999999,0.5073347204044898
1673,-0.0625,-0.4731250000000001,0.3881584928139581
1674,-0.765625,2.6293750000000014,0.6542628917296853
1675,0.03125,0.1684375,0.0
1676,0.0,0.0,0.0
1677,0.0,0.0,0.0
1678,0.0,-1.114375,0.5085532789296208
1679,0.0625,0.2665624999999999,0.3251087594132886
1680,0.0625,0.7171875000000001,0.3852115750429693
1681,-0.015625,0.4059374999999999,0.29954359949549086
1682,0.0,-1.917500000000001,0.6601277152856863
1683,0.234375,1.7071874999999994,0.303289956408664
1684,0.0,0.0,0.0
1685,0.0,0.0,0.0
1686,0.0,0.0,0.0
1687,0.0,0.0,0.0
1688,0.0,0.0,0.0
1689,0.0,0.0,0.0
1690,0.03125,0.1159375,0.0
1691,0.03125,0.1684375,0.0
1692,0.0,0.05375,0.0
1693,0.0,-0.0340625,0.0
1694,0.0,-0.024375,0.0
1695,0.03125,0.658125,0.03713534365642094
1696,0.0,-0.15531250000000002,0.005287770272783129
1697,0.0,-0.143125,0.00746651235968004
1698,-0.1875,0.9712500000000001,0.15664914362503915
1699,0.140625,1.6796875000000002,0.18187273199143342
1700,0.046875,1.965625,0.2790783849008772
1701,-0.03125,0.565625,0.026272613157383124
1702,-0.0625,0.17281249999999998,0.022954630763450706
1703,0.015625,0.5678125,0.023512773044911103
1704,0.03125,1.7599999999999998,0.2699942466159266
1705,0.1875,0.7656250000000001,0.289488263778166
1706,-0.171875,0.9056249999999999,0.30159929113898315
1707,0.015625,0.6134375,0.3238532154973291
1708,-0.234375,1.4424999999999992,0.3103347573879643
1709,-0.015625,0.6140625,0.03217838849405318
1710,0.0,-1.1856250000000002,0.47343088151165796
1711,0.0,-0.6362499999999999,0.6507493569132138
1712,-0.34375,2.0584375,0.4885724822011828
1713,0.0,0.0,0.0
1714,0.0,0.0,0.0
1715,0.0,0.0,0.0
1716,0.0,0.0,0.0
1717,0.0,0.0,0.0
1718,0.0,0.0,0.0
1719,0.0,0.0,0.0
1720,0.0,0.0,0.0
1721,0.0,0.0,0.0
1722,0.0,0.0,0.0
1723,0.0,0.0,0.0
1724,0.0,0.0,0.0
1725,0.0,0.0,0.0
1726,0.0,0.0,0.0
1727,0.0,0.0,0.0
1728,0.0,0.0,0.0
1729,0.0,0.0,0.0
1730,0.0,0.0,0.0
1731,0.0,0.0,0.0
1732,0.0,0.0,0.0
1733,0.0,0.0,0.0
1734,0.0,0.0,0.0
1735,0.0,0.0,0.0
1736,0.0,0.0,0.0
1737,0.0,0.0,0.0
1738,0.0,0.0,0.0
1739,0.0,0.0,0.0
1740,0.0,0.0,0.0
1741,0.0,0.0,0.0
1742,0.0,0.0,0.0
1743,0.09375,0.850625,0.030208163079891912
1744,-0.0625,1.370625,0.2110493209264889
1745,0.0,0.0,0.0
1746,0.0,0.0,0.0
1747,0.0,0.0,0.0
1748,0.0,0.0,0.0
1749,0.0,0.0,0.0
1750,0.0,0.0,0.0
1751,0.0,0.0,0.0
1752,0.0,0.0,0.0
1753,0.0,0.0,0.0
1754,0.0,0.0,0.0
1755,0.0,0.0,0.0
1756,0.0,0.0,0.0
1757,0.0,0.0,0.0
1758,0.0,0.0,0.0
1759,0.0,0.0,0.0
1760,0.0,0.0,0.0
1761,0.0,0.0,0.0
1762,0.0,0.0,0.0
1763,0.0,0.0,0.0
1764,0.0,0.0,0.0
1765,0.0,0.0,0.0
1766,0.0,0.0,0.0
1767,0.0,0.0,0.0
1768,0.0,0.0,0.0
1769,0.0,0.0,0.0
1770,0.0,0.0,0.0
1771,0.0,0.0,0.0
1772,0.0,0.0,0.0
1773,0.0,0.0,0.0
1774,0.0,0.0,0.0
1775,0.0,0.0,0.0
1776,0.0,0.0,0.0
1777,0.0,0.0,0.0
1778,0.0,0.0,0.0
1779,0.0,0.0,0.0
1780,0.0,0.0,0.0
1781,0.0,0.0,0.0
1782,0.0,0.0,0.0
1783,0.0,0.0,0.0
1784,0.0,0.0,0.0
1785,0.0,0.0,0.0
1786,0.0,0.0,0.0
1787,0.0,0.0,0.0
1788,0.0,0.0,0.0
1789,0.0,0.0,0.0
1790,0.0,0.0,0.0
1791,0.0,0.0,0.0
1792,0.0,0.0,0.0
1793,0.0,0.0,0.0
1794,0.0,0.0,0.0
1795,0.0,0.0,0.0
1796,0.0,0.0,0.0
1797,0.0,0.0,0.0
1798,0.0,0.0,0.0
1799,0.0,0.0,0.0
1800,0.0,0.0,0.0
1801,0.0,0.0,0.0
1802,0.0,0.0,0.0
1803,0.0,0.0,0.0
1804,0.0,0.0,0.0
1805,0.0,0.0,0.0
1806,0.0,0.0,0.0
1807,0.0,0.0,0.0
1808,0.0,0.0,0.0
1809,0.0,0.0,0.0
1810,0.0,0.0,0.0
1811,0.0,0.0,0.0
1812,0.0,0.0,0.0
1813,0.0,0.0,0.0
1814,0.0,0.0,0.0
1815,0.0,0.0,0.0
1816,0.0,0.0,0.0
1817,0.0,0.0,0.0
1818,0.0,0.0,0.0
1819,0.0,0.0,0.0
1820,0.0,0.0,0.0
1821,0.0,0.0,0.0
1822,0.0,0.0,0.0
1823,0.0,0.0,0.0
1824,0.0,0.0,0.0
1825,0.0,0.0,0.0
1826,0.0,0.0,0.0
1827,0.0,0.0,0.0
1828,0.0,0.0,0.0
1829,0.0,0.0,0.0
1830,0.0,0.0,0.0
1831,0.0,0.0,0.0
1832,0.0,0.0,0.0
1833,0.0,0.0,0.0
1834,0.0,0.0,0.0
1835,0.0,0.0,0.0
1836,0.0,0.0,0.0
1837,-0.109375,0.6109375,0.17153020285356732
1838,-0.03125,-0.47406249999999983,0.28955243669519365
1839,0.375,1.5953125,0.25519152372885495
1840,0.03125,1.3349999999999997,0.1852729808579899
1841,-0.15625,-0.03749999999999999,0.21148946516024608
1842,-0.0625,0.15031250000000002,0.002755403141745785
1843,-0.03125,0.035625000000000004,0.00012286674669704075
1844,-0.03125,0.05125,0.0
1845,0.0,0.055625,0.0
1846,0.0,-0.04875,0.0
1847,-0.015625,-0.15375000000000005,0.18692290283794577
1848,0.125,1.8062499999999995,0.2538302263951568
1849,0.125,1.2690624999999993,0.18027407604337853
1850,0.09375,0.8928125,0.21731973474933688
1851,-0.109375,1.1975,0.20939553762056765
1852,-0.03125,0.7834375,0.1773525699533833
1853,0.03125,0.11968749999999999,0.00020266124652374782
1854,0.03125,0.11968749999999999,0.00020266124652374782
1855,-0.03125,0.0678125,0.00020266124652374782
1856,0.0,0.16562500000000002,0.0006095075083420987
1857,0.015625,-0.38218750000000007,0.1646988525582146
1858,-0.015625,-0.17750000000000002,0.1663597900291174
1859,0.0,0.0,0.0
1860,0.0,0.0,0.0
1861,0.0,0.0,0.0
1862,0.0,0.0,0.0
1863,0.0,0.0,0.0
1864,0.03125,0.1684375,0.0
1865,0.0,-0.9228125,0.31159208674665995
1866,-0.171875,0.5381250000000001,0.027245712500681238
1867,0.0,0.27875,0.026686931105234544
1868,0.0,-0.6496875,0.5112305511845896
1869,0.0,-0.024375,0.0
1870,0.0,0.0571875,0.0
1871,0.0,-0.04875,0.0
1872,-0.03125,0.0921875,0.0
1873,-0.03125,0.05125,0.0
1874,0.0,0.055625,0.0
1875,0.0,-0.0475,0.0
1876,0.0,0.0,0.0
1877,0.0,0.0,0.0
1878,0.0,0.0,0.0
1879,0.0,0.0,0.0
1880,0.0,0.0,0.0
1881,0.0,0.0,0.0
1882,0.0,0.0,0.0
1883,0.0,0.0,0.0
1884,0.0,0.0,0.0
1885,0.0,0.0,0.0
1886,0.0,0.0,0.0
1887,0.0,0.0,0.0
1888,0.0,0.0,0.0
1889,0.0,0.0,0.0
1890,0.0,0.0,0.0
1891,0.0,0.0,0.0
1892,0.0,0.0,0.0
1893,0.0,0.0,0.0
1894,0.0,0.0,0.0
1895,0.0,0.0,0.0
1896,0.0,0.0,0.0
1897,0.0,0.0,0.0
1898,-0.03125,2.554687499999999,0.550573412883112
1899,-0.21875,2.6025,0.400156628235659
1900,0.0625,1.2753125,0.2873343609223503
1901,0.0,1.5587499999999994,0.836605574170602
1902,0.0,0.0,0.0
1903,0.0,0.0,0.0
1904,0.0,0.0,0.0
1905,0.0,0.0,0.0
1906,0.0,0.0,0.0
1907,0.0,0.0,0.0
1908,0.0,0.0,0.0
1909,0.0,0.0,0.0
1910,0.0,0.0,0.0
1911,0.0,0.0,0.0
1912,0.3125,1.7421875000000004,0.3417180974656879
1913,0.21875,1.9481249999999992,0.28341745723332396
1914,0.0625,0.36718749999999994,0.254630792318505
1915,0.0,-0.8900000000000001,0.469126073247635
1916,0.0,0.0846875,0.00036342544993076556
1917,0.03125,0.14406249999999998,0.0002416779242039591
1918,0.0,-0.024375,0.0007268508998615311
1919,0.0,-0.04875,0.0
1920,0.0,0.0571875,0.0
1921,0.078125,-0.19406250000000003,0.4041267552752255
1922,-0.15625,2.6871875000000007,0.4062818942021669
1923,-0.25,-0.2371874999999999,0.3093632928831962
1924,0.0,-1.5456250000000005,0.6608241237007357
1925,0.1875,1.4337500000000003,0.27898664494761305
1926,0.234375,2.6809374999999998,0.3606169458385984
1927,0.21875,1.8896874999999993,0.31363559026593857
1928,0.0,0.0,0.0
1929,0.0,0.0,0.0
1930,0.0,0.0,0.0
1931,0.0,0.0,0.0
1932,0.0,0.0,0.0
1933,0.0,0.0,0.0
1934,0.0,0.0,0.0
1935,0.0,0.0,0.0
1936,0.0,0.0,0.0
1937,0.0,0.0,0.0
1938,0.0,0.0,0.0
1939,0.0,0.0,0.0
1940,0.0,0.0,0.0
1941,0.0,0.0,0.0
1942,0.0,0.0,0.0
1943,0.0,0.0,0.0
1944,0.0,0.0,0.0
1945,0.0,0.0,0.0
1946,0.0,0.0,0.0
1947,0.0,0.0,0.0
1948,0.0,0.0,0.0
1949,0.0,0.0,0.0
1950,0.0,0.0,0.0
1951,0.0,0.0,0.0
1952,0.0,0.0,0.0
1953,0.0,0.0,0.0
1954,0.0,0.0,0.0
1955,0.0,0.0,0.0
1956,0.0,0.0,0.0
1957,0.0,0.0,0.0
1958,0.0,0.0,0.0
1959,0.0,0.0,0.0
1960,0.0,0.0,0.0
1961,0.0,0.0,0.0
1962,0.0,0.0,0.0
1963,0.0,0.0,0.0
1964,0.0,0.0,0.0
1965,0.0,0.0,0.0
1966,0.0,0.0,0.0
1967,0.0,0.0,0.0
1968,0.0,0.0,0.0
1969,0.0,0.0,0.0
1970,0.0,0.0,0.0
1971,0.0,0.0,0.0
1972,0.0,0.0,0.0
1973,0.0,0.0,0.0
1974,0.0,0.0,0.0
1975,0.0,0.0,0.0
1976,0.0,0.0,0.0
1977,0.0,0.0,0.0
1978,0.0,0.0,0.0
1979,0.0,0.0,0.0
1980,0.0,0.0,0.0
1981,0.0,0.0,0.0
1982,0.0,0.0,0.0
1983,0.0,0.0,0.0
1984,0.0,0.0,0.0
1985,0.0,0.0,0.0
1986,0.0,0.0,0.0
1987,0.0,0.0,0.0
1988,0.0,0.0,0.0
1989,0.0,0.0,0.0
1990,0.0,0.0,0.0
1991,0.0,0.0,0.0
1992,0.0,0.0,0.0
1993,0.0,0.0,0.0
1994,0.0,0.0,0.0
1995,0.0,0.0,0.0
1996,0.0,0.0,0.0
1997,0.0,0.0,0.0
1998,0.0,0.0,0.0
1999,0.0,0.0,0.0
2000,0.0,0.0,0.0
2001,0.0,0.0,0.0
2002,0.0,0.0,0.0
2003,0.0,0.0,0.0
2004,0.0,0.0,0.0
2005,0.0,0.0,0.0
2006,0.0,0.0,0.0
2007,0.0,0.0,0.0
2008,0.0,0.0,0.0
2009,0.0,0.0,0.0
2010,0.0,0.0,0.0
2011,0.0,0.0,0.0
2012,0.0,0.0,0.0
2013,0.0,0.0,0.0
2014,0.0,0.0,0.0
2015,0.0,0.0,0.0
2016,0.0,0.0,0.0
2017,0.0,0.0,0.0
2018,0.0,0.0,0.0
2019,0.0,0.0,0.0
2020,0.0,0.0,0.0
2021,0.0,0.0,0.0
2022,0.0,0.0,0.0
2023,0.0,0.0,0.0
2024,0.0,0.0,0.0
2025,0.0,0.0,0.0
2026,0.0,0.0,0.0
2027,0.0,0.0,0.0
2028,0.0,0.0,0.0
2029,0.0,0.0,0.0
2030,0.0,0.0,0.0
2031,0.0,0.0,0.0
2032,0.0,0.0,0.0
2033,0.0,0.0,0.0
2034,0.0,0.0,0.0
2035,0.0,0.0,0.0
2036,0.0,0.0,0.0
2037,0.0,0.0,0.0
2038,0.0,0.0,0.0
2039,0.0,0.0,0.0
2040,0.0,0.0,0.0
2041,0.0,0.0,0.0
2042,0.0,0.0,0.0
2043,0.0,0.0,0.0
2044,0.0,0.0,0.0
2045,0.0,0.0,0.0
2046,0.0,0.0,0.0
2047,0.0,0.0,0.0
2048,0.0,0.0,0.0
2049,0.0,0.0,0.0
2050,0.0,0.0,0.0
2051,0.0,0.0,0.0
2052,0.0,0.0,0.0
2053,0.0,0.0,0.0
2054,0.0,0.0,0.0
2055,0.0,0.0,0.0
2056,0.0,0.0,0.0
2057,0.0,0.0,0.0
2058,0.0,0.0,0.0
2059,0.0,0.0,0.0
2060,0.0,0.0,0.0
2061,0.0,0.0,0.0
2062,0.0,0.0,0.0
2063,0.0,0.0,0.0
2064,0.0,0.0,0.0
2065,0.0,0.0,0.0
2066,0.0,0.0,0.0
2067,0.0,0.0,0.0
2068,0.0,0.0,0.0
2069,0.0,0.0,0.0
2070,0.0,-0.0340625,0.0
2071,0.0,0.0571875,0.0
2072,-0.03125,0.05125,0.0
2073,0.03125,0.1159375,0.0
2074,0.0,-0.04875,0.0
2075,0.0,-0.0565625,0.0
2076,0.0,-0.0565625,0.0
2077,0.015625,0.14875,0.0
2078,0.0,0.0153125,0.0
2079,-0.03125,0.0921875,0.0
2080,0.0,-0.024375,0.0
2081,0.0,-0.0565625,0.0
2082,-0.03125,0.05125,0.0
2083,0.03125,0.1684375,0.0
2084,0.0,0.0153125,0.0
2085,0.0,0.1084375,0.0
2086,0.0,0.1084375,0.0
2087,0.03125,0.1684375,0.0
2088,0.0,0.055625,0.0
2089,0.0,-0.04875,0.0
2090,0.0,-0.024375,0.0
2091,0.03125,0.1684375,0.0
2092,0.0,-0.0565625,0.0
2093,0.0,-0.06875,0.0
2094,0.0,0.1084375,0.0
2095,-0.03125,0.05125,0.0
2096,0.0,0.0,0.0
2097,0.0,-0.02375,0.0
2098,0.0,0.05375,0.0
2099,0.0,-0.04875,0.0
2100,0.0,-0.0565625,0.0
2101,0.0,-0.011875,0.0
2102,0.0,-0.0475,0.0
2103,0.03125,0.1684375,0.0
2104,0.0,0.05375,0.0
2105,0.0,-0.04875,0.0
2106,0.0,-0.02375,0.0
2107,0.0,-0.0340625,0.0
2108,-0.03125,0.0921875,0.0
2109,0.0,0.1084375,0.0
2110,0.0,-0.024375,0.0
2111,0.0,-0.0565625,0.0
2112,0.0,-0.06875,0.0
2113,0.0,-0.06875,0.0
2114,0.0,-0.04875,0.0
2115,0.0,0.0571875,0.0
2116,-0.03125,0.0921875,0.0
2117,0.0,0.0,0.0
2118,0.0,0.0,0.0
2119,0.0,-0.0475,0.0
2120,0.0,-0.0340625,0.0
2121,0.0,-0.02375,0.0
2122,0.0,-0.024375,0.0
2123,0.03125,0.1684375,0.0
2124,0.0,0.0,0.0
2125,0.0,0.05375,0.0
2126,0.0,0.0940625,0.0
2127,0.0,-0.0565625,0.0004715851809938884
2128,0.0,0.0006250000000000006,0.0003532473265871823
2129,0.0,0.0571875,0.0
2130,0.0,-0.024375,0.0
2131,0.0,-0.0809375,0.0008384772475718198
2132,0.0,-0.0584375,0.0012944264037774986
2133,-0.03125,0.03562499999999999,0.0029353766741610624
2134,0.03125,0.09968749999999998,0.0007449328405080724
2135,0.0,-0.288125,0.02352275115927445
2136,0.0,0.06968749999999999,0.0075454276599556894
2137,0.015625,-0.11781250000000001,0.025141376740767794
2138,0.03125,0.02874999999999999,0.008240933467331705
2139,0.0,0.027812499999999976,0.029969416438468205
2140,0.015625,0.41124999999999995,0.010449644659609833
2141,0.0,-0.1234375,0.027709883751447596
2142,-0.015625,0.15031249999999996,0.017028707420613267
2143,0.015625,0.11624999999999998,0.02332135936749429
2144,0.03125,0.25375000000000003,0.02240668824072265
2145,0.015625,0.20312499999999997,0.01757189645543863
2146,0.015625,0.5528124999999999,0.015664254993535666
2147,0.0625,0.39874999999999994,0.019256629182205443
2148,0.0,-0.1440625,0.02007820606132444
2149,0.09375,0.6106250000000001,0.024274737531609452
2150,0.03125,0.42906249999999996,0.020487748633325427
2151,-0.03125,-0.1375,0.01918345355027804
2152,0.09375,0.45125000000000004,0.0169285300802302
2153,0.03125,-0.26156250000000003,0.028833290671551853
2154,0.0,0.34562500000000007,0.02012321053162811
2155,-0.0625,0.12468749999999995,0.01934736951507186
2156,0.03125,0.03781249999999997,0.02444774769087674
2157,0.03125,-0.14562500000000006,0.02457438694481485
2158,0.03125,0.43375,0.021903287953378172
2159,0.03125,0.02187499999999999,0.02905316146385657
2160,-0.03125,0.13406250000000003,0.021717414115538847
2161,-0.0625,0.23374999999999999,0.011933103078580469
2162,0.0,0.1465625,0.018510198394015267
2163,0.0,0.0996875,0.011233712427361021
2164,0.015625,0.7390625,0.016724167910091542
2165,0.0,0.2365625,0.018660691318306243
2166,0.0,-0.07968750000000002,0.007350949355983045
2167,0.0625,0.35843749999999996,0.0035841700559420854
2168,0.0625,0.18687499999999996,0.004157183353929808
2169,0.03125,0.143125,0.003059241552058315
2170,0.0,-0.1534375,0.007481432587131569
2171,-0.03125,0.09562499999999999,0.002618178836715294
2172,0.03125,0.01874999999999999,0.005260915238423817
2173,0.015625,-0.0009375000000000216,0.005790681240430649
2174,0.0,-0.0484375,0.004124772244150607
2175,0.015625,0.10062499999999998,0.0029929152596517325
2176,0.078125,0.5953124999999999,0.00726165376531823
2177,0.0,0.048125,0.0016443584753825223
2178,-0.03125,0.254375,0.004273977434657055
2179,0.0,-0.0809375,0.0008334746595837133
2180,0.0,-0.0565625,0.0
2181,0.03125,0.1684375,0.0
2182,-0.03125,0.05125,0.0
2183,0.0,-0.02375,0.0
2184,0.0,-0.0340625,0.0
2185,0.0,-0.0475,0.0
2186,-0.03125,0.05125,0.0
2187,0.0,-0.04875,0.0
2188,0.0,-0.0475,0.0
2189,0.0,-0.0565625,0.0
2190,0.0,-0.0475,0.0
2191,0.0,-0.0475,0.0
2192,0.03125,0.1684375,0.0
2193,0.0,-0.0475,0.0
2194,0.0,-0.04875,0.0
2195,0.0,-0.0565625,0.0
2196,0.0,0.055625,0.0
2197,0.03125,0.1159375,0.0
2198,0.0,-0.011875,0.0
2199,0.0,0.05375,0.0
2200,0.0,0.055625,0.0
2201,0.0,-0.011875,0.0
2202,0.0,-0.0565625,0.0
2203,-0.03125,0.05125,0.0
2204,0.0,0.0,0.0
2205,0.0,-0.024375,0.0
2206,-0.03125,0.05125,0.0
2207,0.0,-0.0340625,0.0
2208,0.0,-0.0340625,0.0
2209,0.0,0.0,0.0
2210,-0.03125,0.05125,0.0
2211,0.015625,0.14875,0.0
2212,0.0,-0.04875,0.0
2213,-0.03125,0.0921875,0.0
2214,0.0,0.0571875,0.0
2215,0.0,-0.04875,0.0
2216,0.0,0.1084375,0.0
2217,0.0,0.1084375,0.0
2218,0.0,-0.024375,0.0
2219,0.0,-0.0565625,0.0
2220,0.0,-0.0565625,0.0
2221,0.0,0.0,0.0
2222,0.0,-0.0565625,0.0
2223,-0.03125,0.0921875,0.0
2224,0.0,0.0571875,0.0
2225,-0.03125,0.05125,0.0
2226,-0.03125,0.0921875,0.0
2227,0.0,0.0,0.0
2228,0.0,-0.024375,0.0
2229,0.0,0.0571875,0.0
2230,0.0,-0.04875,0.0
2231,-0.03125,0.0921875,0.0
2232,0.0,0.055625,0.0
2233,0.0,0.0,0.0
2234,0.03125,0.1684375,0.0
2235,0.0,0.055625,0.0
2236,0.0,-0.024375,0.0
2237,0.0,0.0,0.0
2238,0.0,0.0,0.0
2239,0.0,0.0,0.0
2240,0.0,0.0,0.0
2241,0.0,0.0,0.0
2242,0.0,0.0,0.0
2243,0.0,0.0,0.0
2244,0.0,0.0,0.0
2245,0.0,0.0,0.0
2246,0.0,0.0,0.0
2247,0.0,0.0,0.0
2248,0.0,0.0,0.0
2249,0.0,0.0,0.0
2250,0.0,0.0,0.0
2251,0.0,0.0,0.0
2252,0.0,0.0,0.0
2253,0.0,0.0,0.0
2254,0.0,0.0,0.0
2255,0.0,0.0,0.0
2256,0.0,0.0,0.0
2257,0.0,0.0,0.0
2258,0.0,0.0,0.0
2259,0.0,0.0,0.0
2260,0.0,0.0,0.0
2261,0.0,0.0,0.0
2262,0.0,0.0,0.0
2263,0.0,0.0,0.0
2264,0.0,0.0,0.0
2265,0.0,0.0,0.0
2266,0.0,0.0,0.0
2267,0.0,0.0,0.0
2268,0.0,0.0,0.0
2269,0.0,0.0,0.0
2270,0.0,0.0,0.0
2271,0.0,0.0,0.0
2272,0.0,0.0,0.0
2273,0.0,-1.074375,0.5057038151229922
2274,0.046875,0.7478124999999999,0.22345678784220366
2275,0.03125,0.6734375,0.19424038935154891
2276,-0.03125,-0.8284374999999999,0.17124411640438528
2277,0.046875,0.5243749999999999,0.1362934860097916
2278,0.0,0.5125000000000001,0.1561575864184723
2279,0.234375,1.690625,0.15480840267067278
2280,0.078125,0.7365624999999999,0.11692590092775162
2281,0.015625,0.19375,0.10548452517828989
2282,0.015625,0.3384375000000001,0.06827867301105353
2283,-0.046875,0.32375,0.07061115567033498
2284,0.0625,0.11531249999999997,0.11288135799976366
2285,0.03125,0.20625000000000002,0.0858568138828281
2286,0.078125,0.375,0.09559955531046921
2287,0.046875,0.08031249999999997,0.0922875093457342
2288,-0.046875,0.648125,0.0642961649856264
2289,0.078125,0.21718749999999992,0.0831843510547711
2290,0.0625,0.07093749999999996,0.07272612303738045
2291,-0.03125,0.28093749999999995,0.059076169961472844
2292,0.03125,-0.11937500000000004,0.08350651028641103
2293,0.09375,0.5659374999999999,0.060741194234392004
2294,0.0625,0.188125,0.06736521321786941
2295,0.0,0.41843749999999996,0.05708671635449175
2296,-0.03125,0.14125,0.06793730768597919
2297,0.109375,0.6021875,0.06848999332489307
2298,-0.03125,0.11031250000000001,0.04636874037843382
2299,0.0,0.07624999999999998,0.04853402915558834
2300,-0.03125,0.44437499999999996,0.04499181481039593
2301,0.046875,0.12937499999999996,0.05488252318882421
2302,0.078125,0.24749999999999997,0.04689512771510866
2303,0.109375,0.6021874999999999,0.042848979158784356
2304,0.0,-0.07593750000000002,0.04938043075801201
2305,0.0,0.20656249999999998,0.05585798062734072
2306,0.03125,-0.06031250000000001,0.045186379717672746
2307,-0.015625,0.5596875,0.04797566264850077
2308,-0.03125,0.24750000000000003,0.041341766333769465
2309,0.015625,0.31968749999999996,0.03636893703103505
2310,-0.03125,0.07250000000000001,0.03446455373894613
2311,0.0,0.6678124999999999,0.030942452484018397
2312,0.0625,0.38249999999999995,0.03894332033278625
2313,0.03125,-0.004062500000000052,0.051260013695388004
2314,0.046875,0.5349999999999999,0.02731186129643651
2315,0.03125,0.3115625,0.04503903474620101
2316,0.0625,0.5384375,0.025655185575273538
2317,0.0625,0.26781249999999995,0.03163181402379945
2318,0.0,0.6253124999999998,0.0429242294168244
2319,0.0625,0.5940624999999999,0.02656600354151543
2320,0.109375,0.43531249999999994,0.04012843378056989
2321,0.015625,0.471875,0.03226168857164309
2322,0.03125,0.4765625,0.022738563299440587
2323,0.046875,0.08249999999999996,0.02757898359293698
2324,0.03125,0.230625,0.03258626021426245
2325,0.03125,0.07906249999999998,0.031012350122408192
2326,0.03125,0.631875,0.035136648769691164
2327,0.015625,0.165625,0.04405106688050131
2328,0.03125,0.4665625,0.02410247939573118
2329,0.0625,0.8034375,0.032607231492719976
2330,0.03125,0.333125,0.017685376343866858
2331,0.03125,0.03031249999999998,0.033584601956310536
2332,0.0625,0.3025,0.024339661138276535
2333,0.0625,0.37406249999999996,0.02521591675401529
2334,0.015625,0.85125,0.026427539984768746
2335,-0.03125,-0.21125000000000002,0.017851727239703283
2336,-0.03125,0.1940625,0.011302646363289601
2337,0.03125,0.14437499999999998,0.010003367466987064
2338,-0.03125,0.009374999999999994,0.011671009684875883
2339,0.0,-0.09625,0.011425673699543051
2340,-0.03125,0.36718750000000006,0.01156878478093182
2341,0.03125,0.1471875,0.00574413657755318
2342,0.0,0.0671875,0.0010089074776892988
2343,0.0,-0.18812500000000001,0.004326917631255873
2344,0.0,0.03,0.0002349094721804762
2345,0.03125,0.06562499999999999,0.0014207860344880433
2346,-0.03125,0.07656249999999998,0.000991931197727125
2347,0.0,0.276875,0.001750535340901257
2348,0.015625,0.023437499999999986,0.0018842444683588656
2349,0.0,0.1171875,0.001515625868720781
2350,0.03125,0.1684375,0.0
2351,0.0,-0.024375,0.0
2352,0.0,-0.024375,0.0
2353,0.0,0.0,0.0
2354,0.0,-0.024375,0.0
2355,0.0,-0.02375,0.0
2356,0.0,0.0571875,0.0
2357,0.0,0.05375,0.0
2358,-0.03125,0.05125,0.0
2359,0.0,0.0571875,0.0
2360,0.0,0.055625,0.0
2361,0.0,-0.024375,0.0
2362,0.03125,0.1684375,0.0
2363,0.0,-0.04875,0.0
2364,0.0,0.1084375,0.0
2365,0.0,-0.0565625,0.0
2366,-0.03125,0.0921875,0.0
2367,0.0,-0.0565625,0.0
2368,0.0,0.0571875,0.0
2369,0.0,-0.0475,0.0
2370,0.0,0.0,0.0
2371,-0.03125,0.0921875,0.0
2372,0.0,-0.04875,0.0
2373,0.0,-0.024375,0.0
2374,0.03125,0.1684375,0.0
2375,0.0,-0.0565625,0.0
2376,0.0,0.1084375,0.0
2377,0.0,-0.0340625,0.0
2378,0.0,-0.024375,0.0
2379,0.0,-0.0475,0.0
2380,0.0,-0.024375,0.0
2381,0.0,0.055625,0.0
2382,0.0,0.0571875,0.0
2383,0.0,0.0153125,0.0
2384,-0.03125,0.0921875,0.0
2385,0.0,-0.024375,0.0
2386,-0.03125,0.05125,0.0
2387,0.03125,0.1159375,0.0
2388,0.0,0.0571875,0.0
2389,0.0,-0.06875,0.0
2390,0.0,0.0571875,0.0
2391,0.0,0.0940625,0.0
2392,0.0,-0.0340625,0.0
2393,0.03125,0.1684375,0.0
2394,0.0,0.0571875,0.0
2395,0.0,-0.04875,0.0
2396,0.0,-0.0565625,0.0
2397,0.03125,0.1159375,0.0
2398,-0.03125,0.0921875,0.0
2399,0.0,0.1084375,0.0
2400,0.03125,0.1159375,0.0
2401,0.03125,0.1159375,0.0
2402,0.03125,0.1159375,0.0
2403,0.0,-0.06875,0.0
2404,0.0,0.055625,0.0
2405,0.0,-0.06875,0.0
2406,0.0,0.0940625,0.0
2407,0.015625,0.14875,0.0
2408,0.0,-0.0565625,0.0
2409,0.03125,0.1684375,0.0
2410,-0.03125,0.05125,0.0
2411,0.0,-0.02375,0.0
2412,0.0,-0.06875,0.0
2413,0.0,-0.024375,0.0
2414,0.0,0.055625,0.0
2415,0.0,-0.0340625,0.0
2416,0.0,0.0153125,0.0
2417,0.0,-0.0340625,0.0
2418,0.0,0.05375,0.0
2419,0.0,0.1084375,0.0
2420,0.03125,0.1159375,0.0
2421,0.0,0.0940625,0.0
2422,0.0,0.0,0.0
2423,0.0,0.0,0.0
2424,0.0,0.0,0.0
2425,0.0,0.0,0.0
2426,0.0,0.0,0.0
2427,0.0,0.0,0.0
2428,0.0,0.0,0.0
2429,0.0,0.0,0.0
2430,0.0,0.0,0.0
2431,0.0,0.0,0.0
2432,0.0,0.0,0.0
2433,0.0,0.0,0.0
2434,0.0,0.0,0.0
2435,0.0,0.0,0.0
2436,0.0,0.0,0.0
2437,0.0,0.0,0.0
2438,0.0,0.0,0.0
2439,0.0,0.0,0.0
2440,0.0,0.0,0.0
2441,0.0,0.0,0.0
2442,0.0,0.0,0.0
2443,0.0,0.0,0.0
2444,0.0,0.0,0.0
2445,0.0,0.0,0.0
2446,0.0,0.0,0.0
2447,0.0,0.0,0.0
2448,0.0,0.0,0.0
2449,0.0,0.0,0.0
2450,0.0,0.0,0.0
2451,0.0,0.0,0.0
2452,0.0,0.0,0.0
2453,0.0,0.0,0.0
2454,0.0,0.0,0.0
2455,0.0,0.0,0.0
2456,0.0,0.0,0.0
2457,0.0,0.0,0.0
2458,0.0,0.0,0.0
2459,0.0,0.0,0.0
2460,0.0,0.0,0.0
2461,0.0,0.0,0.0
2462,0.0,0.0,0.0
2463,0.0,0.0,0.0
2464,0.0,0.0,0.0
2465,0.0,0.0,0.0
2466,0.0,0.0,0.0
2467,0.0,0.0,0.0
2468,0.0,0.0,0.0
2469,0.0,0.0,0.0
2470,0.0,0.0,0.0
2471,0.0,0.0,0.0
2472,0.0,0.0,0.0
2473,0.0,0.0,0.0
2474,0.0,0.0,0.0
2475,0.0,0.0,0.0
2476,0.0,0.0,0.0
