,valdar,elec,hydro
0,0.0,0.0,0.0
1,0.0,0.0,0.0
2,0.0,0.0,0.0
3,0.0,0.0,0.0
4,0.0,0.0,0.0
5,0.0,0.0,0.0
6,0.0,0.0,0.0
7,0.0,0.0,0.0
8,0.0,0.0,0.0
9,0.0,0.0,0.0
10,0.0,0.0,0.0
11,0.0,0.0,0.0
12,0.0,0.0,0.0
13,0.0,0.0,0.0
14,0.0,0.0,0.0
15,0.0,0.0,0.0
16,0.0,0.0,0.0
17,0.0,0.0,0.0
18,0.0,0.0,0.0
19,0.0,0.0,0.0
20,0.0,0.0,0.0
21,0.0,0.0,0.0
22,0.0,0.0,0.0
23,0.0,0.0,0.0
24,0.0,0.0,0.0
25,0.0,0.0,0.0
26,0.0,0.0,0.0
27,0.0,0.0,0.0
28,0.0,0.0,0.0
29,0.0,0.0,0.0
30,0.0,0.0,0.0
31,0.0,0.0,0.0
32,0.0,0.0,0.0
33,0.0,0.0,0.0
34,0.0,0.0,0.0
35,0.0,0.0,0.0
36,0.0,0.0,0.0
37,0.0,0.0,0.0
38,0.0,0.0,0.0
39,0.0,0.0,0.0
40,0.0,0.0,0.0
41,0.0,0.0,0.0
42,0.0,0.0,0.0
43,0.0,0.0,0.0
44,0.0,0.0,0.0
45,0.0,0.0,0.0
46,0.0,0.0,0.0
47,0.0,0.0,0.0
48,0.0,0.0,0.0
49,0.0,0.0,0.0
50,0.0,0.0,0.0
51,0.0,0.0,0.0
52,0.0,0.0,0.0
53,0.0,0.0,0.0
54,0.0,0.0,0.0
55,0.0,0.0,0.0
56,0.0,0.0,0.0
57,0.0,0.0,0.0
58,0.0,0.0,0.0
59,0.0,0.0,0.0
60,0.0,0.0,0.0
61,0.0,0.0,0.0
62,0.0,0.0,0.0
63,0.0,0.0,0.0
64,0.0,0.0,0.0
65,0.0,0.0,0.0
66,0.0,0.0,0.0
67,0.0,0.0,0.0
68,0.0,0.0,0.0
69,0.0,0.0,0.0
70,0.0,0.0,0.0
71,0.0,0.0,0.0
72,0.0,0.0,0.0
73,0.0,0.0,0.0
74,0.0,0.0,0.0
75,0.0,0.0,0.0
76,0.0,0.0,0.0
77,0.0,0.0,0.0
78,0.0,0.0,0.0
79,0.0,0.0,0.0
80,0.0,0.0,0.0
81,0.0,0.0,0.0
82,0.0,0.0,0.0
83,0.0,0.0,0.0
84,0.0,0.0,0.0
85,0.0,0.0,0.0
86,0.0,0.0,0.0
87,0.0,0.0,0.0
88,0.0,0.0,0.0
89,0.0,0.0,0.0
90,0.0,0.0,0.0
91,0.0,0.0,0.0
92,0.0,0.0,0.0
93,0.0,0.0,0.0
94,0.0,0.0,0.0
95,0.0,0.0,0.0
96,0.0,0.0,0.0
97,0.0,0.0,0.0
98,0.0,0.0,0.0
99,0.0,0.0,0.0
100,0.0,0.0,0.0
101,0.0,0.0,0.0
102,0.0,0.0,0.0
103,0.0,0.0,0.0
104,0.0,0.0,0.0
105,0.0,0.0,0.0
106,0.0,0.0,0.0
107,0.0,0.0,0.0
108,0.0,0.0,0.0
109,0.0,0.0,0.0
110,0.0,0.0,0.0
111,0.0,0.0,0.0
112,0.0,0.0,0.0
113,0.0,0.0,0.0
114,0.0,0.0,0.0
115,0.0,0.0,0.0
116,0.0,0.0,0.0
117,0.0,0.0,0.0
118,0.0,0.0,0.0
119,0.0,0.0,0.0
120,0.0,0.0,0.0
121,0.0,0.0,0.0
122,0.0,0.0,0.0
123,0.0,0.0,0.0
124,0.0,0.0,0.0
125,0.0,0.0,0.0
126,0.0,0.0,0.0
127,0.0,0.0,0.0
128,0.0,0.0,0.0
129,0.0,0.0,0.0
130,0.0,0.0,0.0
131,0.0,0.0,0.0
132,0.0,0.0,0.0
133,0.0,0.0,0.0
134,0.0,0.0,0.0
135,0.0,0.0,0.0
136,0.0,0.0,0.0
137,0.0,0.0,0.0
138,0.0,0.0,0.0
139,0.0,0.0,0.0
140,0.0,0.0,0.0
141,0.0,0.0,0.0
142,0.0,0.0,0.0
143,0.0,0.0,0.0
144,0.0,0.0,0.0
145,0.0,0.0,0.0
146,0.0,0.0,0.0
147,0.0,0.0,0.0
148,0.0,0.0,0.0
149,0.0,0.0,0.0
150,0.0,0.0,0.0
151,0.0,0.0,0.0
152,0.0,0.0,0.0
153,0.0,0.0,0.0
154,0.0,0.0,0.0
155,0.0,0.0,0.0
156,0.0,0.0,0.0
157,0.0,0.0,0.0
158,0.0,0.0,0.0
159,0.0,0.0,0.0
160,0.0,0.0,0.0
161,0.0,0.0,0.0
162,0.0,0.0,0.0
163,0.0,0.0,0.0
164,0.0,0.0,0.0
165,0.0,0.0,0.0
166,0.0,0.0,0.0
167,0.0,0.0,0.0
168,0.0,0.0,0.0
169,0.0,0.0,0.0
170,0.0,0.0,0.0
171,0.0,0.0,0.0
172,0.0,0.0,0.0
173,0.0,0.0,0.0
174,0.0,0.0,0.0
175,0.0,0.0,0.0
176,0.0,0.0,0.0
177,0.0,0.0,0.0
178,0.0,0.0,0.0
179,0.0,0.0,0.0
180,0.0,0.0,0.0
181,0.0,0.0,0.0
182,0.0,0.0,0.0
183,0.0,0.0,0.0
184,0.0,0.0,0.0
185,0.0,0.0,0.0
186,0.0,0.0,0.0
187,0.0,0.0,0.0
188,0.0,0.0,0.0
189,0.0,0.0,0.0
190,0.0,0.0,-0.011515151515151515
191,0.0,0.0,-0.016515151515151517
192,0.0,0.007575757575757576,0.07212121212121211
193,0.0,0.0,-0.011515151515151515
194,0.0,0.0,0.0
195,0.0,0.0,0.05257575757575758
196,0.0,0.0,-0.016515151515151517
197,0.0,0.0,0.026060606060606062
198,0.0,0.015151515151515152,0.08166666666666667
199,0.0,0.0,0.026060606060606062
200,0.0,0.0,0.05257575757575758
201,0.0,0.0,-0.011818181818181818
202,0.0,0.0,0.007424242424242424
203,0.0,0.0,-0.005757575757575757
204,0.0,0.0,0.007424242424242424
205,0.0,0.0,-0.011818181818181818
206,0.0,0.0,0.0
207,0.0,0.0,-0.011818181818181818
208,0.0,-0.015151515151515152,0.024848484848484845
209,0.0001083500642017712,0.0,0.016212121212121212
210,0.00016232219356070588,0.0,0.07954545454545454
211,2.7188967421418237e-05,0.015151515151515152,0.022878787878787877
212,0.0004058054839017647,0.0,-0.04727272727272727
213,0.0001083500642017712,0.015151515151515152,0.05621212121212121
214,8.116109678035294e-05,0.0,-0.0043939393939393945
215,5.397212935893471e-05,0.0,-0.03333333333333333
216,0.0001083500642017712,0.0,0.004090909090909091
217,0.00013513322613928767,0.015151515151515152,0.08227272727272728
218,0.0001083500642017712,0.007575757575757576,0.09984848484848485
219,0.0004058054839017647,0.0,0.05545454545454546
220,5.397212935893471e-05,0.015151515151515152,0.05803030303030302
221,0.0001083500642017712,0.0,0.0030303030303030294
222,0.0001083500642017712,0.015151515151515152,0.08318181818181819
223,0.0001083500642017712,0.0,0.033484848484848485
224,5.397212935893471e-05,0.015151515151515152,0.06515151515151515
225,0.0,0.0,-0.023636363636363636
226,5.397212935893471e-05,-0.015151515151515152,0.052121212121212124
227,0.00018951116098212415,0.0,-0.05106060606060606
228,0.00024348329034105885,0.030303030303030304,0.13787878787878788
229,0.00018951116098212415,0.0,-0.05106060606060606
230,0.0004058054839017647,-0.030303030303030304,0.0893939393939394
231,0.0001083500642017712,0.0,0.033484848484848485
232,5.397212935893471e-05,0.007575757575757576,0.04848484848484848
233,8.116109678035294e-05,0.0,-0.0056060606060606075
234,0.00024348329034105885,0.030303030303030304,0.13787878787878788
235,0.00013513322613928767,0.0,0.07863636363636364
236,8.116109678035294e-05,0.0,0.028939393939393942
237,0.0004058054839017647,0.0,0.05393939393939394
238,5.397212935893471e-05,0.015151515151515152,0.028787878787878786
239,0.0012789041742456541,0.0,-0.034545454545454546
240,0.001024170902790662,0.0,0.0015151515151515165
241,0.0009211655518797394,0.030303030303030304,0.16636363636363638
242,0.0008294549754111936,-0.030303030303030304,0.022727272727272728
243,0.0010977150727689469,0.045454545454545456,0.19590909090909087
244,0.0007535929114931718,0.0,0.04318181818181818
245,0.0008654143867956639,0.007575757575757576,0.07378787878787878
246,0.0007201278895088876,0.0,-0.008787878787878789
247,0.0008300824699718877,0.0,-0.061969696969696966
248,0.0009380249639477863,0.0,-0.04727272727272727
249,0.0013152854818322137,0.0,0.040909090909090895
250,0.0006106745769177591,0.015151515151515152,0.07378787878787879
251,0.0010934926626314442,0.015151515151515152,0.06136363636363636
252,0.0008128806455726471,0.030303030303030304,0.12409090909090909
253,0.001998276283746405,0.0,-0.08666666666666667
254,0.001382351892056082,0.0,0.030454545454545453
255,0.0011390319953529203,-0.015151515151515152,0.07075757575757576
256,0.0012423566191937208,0.030303030303030304,0.18303030303030302
257,0.0017368915267915962,0.0,-0.022424242424242423
258,0.0017024521282505611,0.0,-0.039696969696969696
259,0.0012069638753255956,0.015151515151515152,0.0662121212121212
260,0.0015294398560651349,-0.030303030303030304,0.08863636363636362
261,0.0013869533375693935,0.045454545454545456,0.1568181818181818
262,0.003510699763685933,0.0,-0.0993939393939394
263,0.001197443416832844,0.0,-0.047121212121212126
264,0.0015292328381739562,0.045454545454545456,0.18803030303030302
265,0.0010514578484060533,0.0,-0.03954545454545455
266,0.0022300110887671118,0.0,-0.13333333333333333
267,0.0016217282094216712,0.015151515151515152,0.20833333333333334
268,0.0031118607353910195,0.0,0.11833333333333335
269,0.002007092130188619,0.0,-0.08651515151515152
270,0.0012797823639490763,0.022727272727272728,0.15727272727272726
271,0.0010327161108719804,0.007575757575757576,0.07257575757575756
272,0.0014533331029966295,-0.015151515151515152,0.044848484848484846
273,0.0016931930160534105,0.0,-0.07984848484848485
274,0.00180018750560815,0.0,-0.01924242424242424
275,0.0018495159420337999,0.030303030303030304,0.16984848484848486
276,0.0,0.0,0.0
277,0.0,0.0,0.0
278,0.0,0.0,0.0
279,0.0,0.0,0.0
280,0.0,0.0,0.0
281,0.0,0.0,0.0
282,0.0,0.0,0.0
283,0.0,0.0,0.0
284,0.0,0.0,0.0
285,0.0,0.0,0.0
286,0.0,0.0,0.0
287,0.0,0.0,0.0
288,0.0,0.0,0.0
289,0.0,0.0,0.0
290,0.0,0.0,0.0
291,0.0,0.0,0.0
292,0.0,0.0,0.0
293,0.0,0.0,0.0
294,0.0,0.0,0.0
295,0.0,0.0,0.0
296,0.0,0.0,0.0
297,0.0,0.0,0.0
298,0.0,0.0,0.0
299,0.0,0.0,0.0
300,0.0,0.0,0.0
301,0.0,0.0,0.0
302,0.0,0.0,0.0
303,0.0,0.0,0.0
304,0.0,0.0,0.0
305,0.0,0.0,0.0
306,0.0,0.0,0.0
307,0.0,0.0,0.0
308,0.0,0.0,0.0
309,0.0,0.0,0.0
310,0.0,0.0,0.0
311,0.0,0.0,0.0
312,0.0,0.0,0.0
313,0.0,0.0,0.0
314,0.0,0.0,0.0
315,0.0,0.0,0.0
316,0.0,0.0,0.0
317,0.0,0.0,0.0
318,0.0,0.0,0.0
319,0.0,0.0,0.0
320,0.0,0.0,0.0
321,0.0,0.0,0.0
322,0.0,0.0,0.0
323,0.0,0.0,0.0
324,0.0,0.0,0.0
325,0.0,0.0,0.0
326,0.0,0.0,0.0
327,0.0,0.0,0.0
328,0.0,0.0,0.0
329,0.0,0.0,0.0
330,0.0,0.0,0.0
331,0.0,0.0,0.0
332,0.0,0.0,0.0
333,0.0,0.0,0.0
334,0.0,0.0,0.0
335,0.0,0.0,0.0
336,0.0,0.0,0.0
337,0.0,0.0,0.0
338,0.0,0.0,0.0
339,0.0,0.0,0.0
340,0.0,0.0,0.0
341,0.0,0.0,0.0
342,0.0,0.0,0.0
343,0.0,0.0,0.0
344,0.0,0.0,0.0
345,0.0,0.0,0.0
346,0.0,0.0,0.0
347,0.0,0.0,0.0
348,0.0,0.0,0.0
349,0.0,0.0,0.0
350,0.0,0.0,0.0
351,0.0,0.0,0.0
352,0.0,0.0,0.0
353,0.0,0.0,0.0
354,0.0,0.0,0.0
355,0.0,0.0,0.0
356,0.0,0.0,0.0
357,0.0,0.0,0.0
358,0.0,0.0,0.0
359,0.0,0.0,0.0
360,0.0,0.0,0.0
361,0.0,0.0,0.0
362,0.0,0.0,0.0
363,0.0,0.0,0.0
364,0.0,0.0,0.0
365,0.0,0.0,0.0
366,0.0,0.0,0.0
367,0.0,0.0,0.0
368,0.0,0.0,0.0
369,0.0,0.0,0.0
370,0.0,0.0,0.0
371,0.0,0.0,0.0
372,0.0,0.0,0.0
373,0.0,0.0,0.0
374,0.0,0.0,0.0
375,0.0,0.0,0.0
376,0.0,0.0,0.0
377,0.0,0.0,0.0
378,0.0,0.0,0.0
379,0.0,0.0,0.0
380,0.0,0.0,0.0
381,0.0,0.0,0.0
382,0.0,0.0,0.0
383,0.0,0.0,0.0
384,0.0,0.0,0.0
385,0.0,0.0,0.0
386,0.0,0.0,0.0
387,0.0,0.0,0.0
388,0.0,0.0,0.0
389,0.0,0.0,0.0
390,0.0,0.0,0.0
391,0.0,0.0,0.0
392,0.0,0.0,0.0
393,0.0,0.0,0.0
394,0.0,0.0,0.0
395,0.0,0.0,0.0
396,0.0,0.0,0.0
397,0.0,0.0,0.0
398,0.0004236494915094289,0.0,0.0
399,0.0004236494915094289,0.0,0.05393939393939394
400,0.0004236494915094289,0.0,-0.06666666666666667
401,0.0004236494915094289,0.0,-0.06666666666666667
402,0.00014107528067263986,0.0,-0.025909090909090913
403,0.0008398641320051741,0.0,-0.035151515151515156
404,0.0007801502542466839,0.0,0.02772727272727273
405,0.0007801502542466839,-0.015151515151515152,0.07696969696969697
406,0.0005421859951195662,0.030303030303030304,0.08499999999999999
407,0.0003776314345331139,0.0,-0.01893939393939394
408,0.000852089247759917,0.0,0.05393939393939394
409,0.001217437018831846,0.0,0.015454545454545455
410,0.002333561881927996,0.0,0.05348484848484848
411,0.0012622602593119778,0.015151515151515152,0.08636363636363635
412,0.0011875252826651034,0.0,0.04606060606060605
413,0.0008407959562330324,0.0,0.14606060606060606
414,0.0018538570105839272,0.0,0.14242424242424243
415,0.0013960027841056454,0.0,-0.04106060606060606
416,0.0009077574515281254,-0.015151515151515152,0.010757575757575754
417,0.0017567222472499515,-0.022727272727272728,0.15393939393939393
418,0.0023267424558924455,-0.030303030303030304,0.1062121212121212
419,0.0014323316060782184,-0.030303030303030304,0.14287878787878788
420,0.0014309472392053193,-0.015151515151515152,0.027878787878787874
421,0.002494083030818721,0.0,-0.1510606060606061
422,0.0018862204461050594,0.0,0.12424242424242424
423,0.0012912848080131436,-0.015151515151515152,0.10212121212121213
424,0.0017577258649924112,-0.007575757575757576,0.15772727272727272
425,0.002329655282229555,0.0,-0.08772727272727274
426,0.0020080640291486895,0.015151515151515152,0.11272727272727272
427,0.002121536293669497,0.03787878787878788,0.2536363636363636
428,0.002108898826424448,0.0,0.23287878787878788
429,0.0016379104935996063,-0.015151515151515152,0.16696969696969696
430,0.002347312080370551,0.0,-0.04000000000000001
431,0.0015783493069993163,0.030303030303030304,0.09818181818181818
432,0.0022635789284515214,0.0,-0.007424242424242417
433,0.0020421383795523737,0.022727272727272728,0.04393939393939393
434,0.002042918933508282,0.015151515151515152,0.18378787878787878
435,0.002560039455798223,0.0,-0.015
436,0.0028117509954231398,-0.015151515151515152,-0.07727272727272728
437,0.0025916526015256265,-0.030303030303030304,0.20212121212121212
438,0.0028374912818898233,0.03787878787878788,0.2296969696969697
439,0.0024429826944795917,0.030303030303030304,0.02515151515151514
440,0.0023470679781304286,0.015151515151515152,0.09136363636363636
441,0.0026083822981208793,0.030303030303030304,0.208030303030303
442,0.0048111641563934795,0.0,0.0637878787878788
443,0.006381199329681145,0.015151515151515152,0.017424242424242415
444,0.005697081745780693,-0.015151515151515152,0.13515151515151516
445,0.007795612610542853,0.0,0.2681818181818183
446,0.0077663712986489,-0.030303030303030304,0.1745454545454545
447,0.007759965026655607,0.0,0.14424242424242428
448,0.016839832275709534,-0.015151515151515152,0.16181818181818183
449,0.01798191538003508,-0.06060606060606061,0.09666666666666665
450,0.018756135393810165,-0.007575757575757576,0.17075757575757577
451,0.09239461216747707,0.030303030303030304,-0.12409090909090906
452,0.07248162034946028,0.015151515151515152,0.31409090909090914
453,0.08835649018025382,-0.022727272727272728,0.012121212121212172
454,0.08389227364081121,-0.015151515151515152,-0.003181818181818215
455,0.0751503251693797,-0.03787878787878788,0.4340909090909091
456,0.07713124336981814,0.015151515151515152,0.06090909090909089
457,0.07599955548537352,-0.015151515151515152,0.5442424242424241
458,0.11464013259589471,0.0,0.7384848484848483
459,0.06894812708721795,-0.07575757575757576,0.22939393939393943
460,0.07799575040969278,-0.015151515151515152,0.41212121212121205
461,0.10862503656816463,-0.29545454545454547,0.769090909090909
462,0.11243036343287087,0.030303030303030304,1.13030303030303
463,0.4668130574114207,-0.2727272727272727,0.06878787878787834
464,0.7440274982525124,-0.7878787878787878,1.7859090909090913
465,0.7988752356853632,-0.8787878787878788,1.6695454545454549
466,0.540357797439531,0.015151515151515152,0.292878787878788
467,0.44737125312204185,0.10606060606060606,0.8048484848484843
468,0.5656205175452446,0.09090909090909091,0.22984848484848483
469,0.5119075688593315,0.007575757575757576,-0.11575757575757659
470,0.0,0.0,0.026060606060606062
471,0.6757017150541671,0.0,-1.5712121212121226
472,0.7366312202901429,0.9318181818181818,4.574545454545448
473,0.8367867063072126,0.0,1.7403030303030291
474,0.5547380285872917,0.0,-0.09136363636363663
475,0.8873787265850894,0.0,-1.4571212121212134
476,0.0,0.0,-0.011818181818181818
477,0.0,0.0,-0.023636363636363636
478,0.1278674793637904,0.007575757575757576,-0.4556060606060606
479,0.5865523145334959,0.0,-0.19499999999999978
480,0.5600429114029796,0.3712121212121212,2.4834848484848506
481,0.5569828331710311,0.5454545454545454,3.6609090909090867
482,0.8484383838669699,0.8939393939393939,4.974242424242416
483,0.5516260202075769,-0.21212121212121213,1.6304545454545447
484,0.8847381664842215,0.0,1.658939393939393
485,0.0,0.0,0.0
486,0.5656475127273286,0.0,-0.5780303030303032
487,0.5758544656329261,0.0,0.24787878787878775
488,0.6252858951584093,-0.015151515151515152,-1.2963636363636373
489,0.5317697568806816,-0.6818181818181818,1.9916666666666674
490,0.0,0.0,-0.023636363636363636
491,0.0,0.0,0.0
492,0.6508958425717843,-0.8484848484848485,2.2262121212121215
493,0.6569531018713022,0.0,-1.619545454545456
494,0.5214228486559519,-0.045454545454545456,1.3187878787878784
495,0.05240013102008659,0.015151515151515152,0.5003030303030302
496,0.05592996443554107,0.0,0.4040909090909092
497,0.027114869165899853,-0.030303030303030304,0.19469696969696973
498,0.024261711974497596,0.045454545454545456,0.24863636363636357
499,0.02691819458874141,0.0,0.017272727272727276
500,0.02026581555919053,-0.015151515151515152,0.29848484848484846
501,0.024780459132346815,0.030303030303030304,0.6646969696969696
502,0.025752062209632078,0.11363636363636363,0.5777272727272726
503,0.02163249168904113,0.06060606060606061,0.22757575757575751
504,0.022217746856559698,0.06060606060606061,0.1771212121212121
505,0.0252764744295744,0.015151515151515152,-0.028030303030303037
506,0.022252685666319973,0.015151515151515152,-0.015151515151515171
507,0.023125309558491545,0.015151515151515152,-0.021818181818181823
508,0.01976949591155726,0.06818181818181818,0.4819696969696969
509,0.01645625129938076,0.05303030303030303,0.1777272727272727
510,0.03588079153854422,0.015151515151515152,-0.3018181818181818
511,0.020360193602926156,-0.015151515151515152,0.05651515151515152
512,0.01794744920053043,0.06060606060606061,0.31272727272727274
513,0.02251583312522413,0.015151515151515152,-0.0009090909090909065
514,0.019722071994988488,0.0,-0.19015151515151513
515,0.018446762333545332,0.0,-0.20651515151515154
516,0.019465143564869457,0.0,-0.155
517,0.021833321554084476,0.0,-0.12242424242424242
518,0.01991293407074971,0.0,-0.07015151515151516
519,0.0160212688890256,0.0,-0.14272727272727276
520,0.022772909222085295,0.0,-0.33348484848484844
521,0.016993633365271814,-0.030303030303030304,-0.09000000000000002
522,0.015663027794406103,-0.045454545454545456,0.03272727272727272
523,0.015715510441188796,0.015151515151515152,0.10045454545454546
524,0.020821708776735972,0.007575757575757576,-0.27136363636363636
525,0.014450050020031581,0.045454545454545456,0.2700000000000001
526,0.01459933580326072,0.045454545454545456,0.35560606060606065
527,0.00965145378889664,0.0,0.05787878787878787
528,0.006362529429197242,0.045454545454545456,0.3446969696969697
529,0.003290306782481065,0.0,-0.020303030303030302
530,0.8054192779936298,-0.9090909090909091,2.6075757575757557
531,0.7484444161815281,-0.9545454545454546,2.099696969696969
532,0.7940447200596993,0.0,-1.6860606060606076
533,0.5267808470433857,0.22727272727272727,2.6145454545454543
534,0.47738937400381154,-0.4090909090909091,1.7827272727272727
535,0.0,0.0,0.0
536,0.0,0.0,0.0
537,0.0,0.0,0.0
538,0.0,0.0,0.0
539,0.8092477875342178,0.015151515151515152,-1.503030303030304
540,0.6267067097272562,0.0,0.3115151515151511
541,0.9174800547714653,-0.030303030303030304,1.757727272727272
542,0.6557776995057232,-0.7121212121212122,1.6669696969696974
543,0.40358953870256087,0.08333333333333333,1.348939393939393
544,0.0001152557678230831,0.0,-0.0004545454545454549
545,0.7134211894607557,0.0,-1.6283333333333347
546,0.6448756373314404,0.0,-1.5756060606060598
547,0.0,0.0,0.0
548,0.0,0.0,0.0
549,0.0,0.0,0.0
550,0.0,0.0,0.0
551,0.49196834299795233,-0.25757575757575757,0.3237878787878777
552,0.5299056135469996,0.6060606060606061,2.411666666666666
553,0.4868711173396021,0.5454545454545454,1.3572727272727267
554,0.5089900930225147,0.03787878787878788,-1.0222727272727277
555,0.5950712501291094,-0.045454545454545456,1.9140909090909084
556,0.5145358522620204,0.3560606060606061,0.31545454545454343
557,0.5100983958676509,-0.09090909090909091,1.868333333333333
558,0.5048010341862027,-0.022727272727272728,1.8046969696969688
559,0.8493864413715323,0.0,-1.7430303030303045
560,0.43414842625387084,0.44696969696969696,1.648181818181817
561,0.5137841156598495,0.030303030303030304,1.5146969696969697
562,0.6561081138552575,0.0,-1.6093939393939407
563,0.9575234204312703,0.0,-1.7787878787878801
564,0.45734131923167703,0.42424242424242425,2.332272727272727
565,0.503280295340705,0.045454545454545456,1.4415151515151516
566,0.0,0.0,0.0
567,0.0,0.0,0.0
568,0.7564265500872733,0.0,-1.4816666666666678
569,0.7723739190523287,-0.8560606060606061,2.7316666666666656
570,0.8803075262948545,0.030303030303030304,1.921818181818181
571,0.7074719215099783,0.0,-1.4127272727272737
572,0.46584675504731266,-0.48484848484848486,0.9121212121212121
573,0.4828176201238811,0.03787878787878788,0.9934848484848486
574,0.543243457456431,0.045454545454545456,1.7136363636363634
575,0.0,0.0,-0.023636363636363636
576,0.38826501167741323,0.10606060606060606,0.7265151515151509
577,0.6562998827732522,-0.3409090909090909,3.062575757575757
578,0.4705492216649177,-0.18181818181818182,2.386363636363636
579,0.08800148527908336,0.015151515151515152,0.18833333333333332
580,0.5137776603687275,0.12121212121212122,0.39424242424242334
581,0.9665801985667084,0.0,1.7233333333333325
582,0.44636231900517187,-0.49242424242424243,0.5986363636363639
583,0.4051952584608051,-0.10606060606060606,0.7612121212121208
584,0.5466167402489501,0.0,-0.5919696969696973
585,0.5566120169476312,0.0,-1.2124242424242433
586,0.41779791572561653,0.5151515151515151,1.8245454545454542
587,0.5650751173313777,-0.015151515151515152,-0.6293939393939395
588,0.6355058529667001,0.10606060606060606,2.935151515151514
589,0.0,-0.015151515151515152,0.024848484848484845
590,0.0,0.0,0.02772727272727273
591,0.0,0.0,-0.03333333333333333
592,0.5952269223315397,-0.5303030303030303,2.3757575757575764
593,0.5985537313804877,0.0,0.9439393939393934
594,0.7976024454140489,0.9393939393939394,4.863030303030296
595,0.6579417011541502,0.0,-0.11090909090909087
596,0.5296937305452685,0.3484848484848485,2.983484848484854
597,0.9537120912473072,0.5,4.697424242424238
598,0.714474199125982,0.0,-1.3751515151515161
599,0.4774605288412093,-0.48484848484848486,1.3307575757575765
600,0.5101995829058606,0.3712121212121212,3.620757575757576
601,0.0,0.0,0.0
602,0.0,0.0,-0.023636363636363636
603,0.0,0.0,-0.023636363636363636
604,0.7541757191189917,0.0,-1.384848484848486
605,0.8853468867686447,0.0,-1.4343939393939407
606,0.524472955975037,0.49242424242424243,3.194696969696971
607,0.5212169926851538,0.5454545454545454,3.522727272727268
608,0.9426041082101554,0.0,2.9187878787878767
609,0.7927377599564404,0.9696969696969697,4.741060606060599
610,0.44666683364051984,0.030303030303030304,0.5696969696969691
611,0.0,0.0,0.0
612,0.0,0.0,0.0
613,0.0,0.0,0.0
614,0.0,0.0,0.0
615,0.0,0.0,0.0
616,0.0,0.0,0.0
617,0.0,0.0,0.0
618,0.0,0.0,0.0
619,0.0,0.0,0.0
620,0.0,0.0,0.0
621,0.0,0.0,0.0
622,0.0,0.0,0.0
623,0.0,0.0,0.0
624,0.0,0.0,0.0
625,0.0,0.0,0.0
626,0.0,0.0,0.0
627,0.0,0.0,0.0
628,0.0,0.0,0.0
629,0.0,0.0,0.0
630,0.0,0.0,0.0
631,0.0,0.0,0.0
632,0.0,0.0,0.0
633,0.0,0.0,0.0
634,0.0,0.0,0.0
635,0.0,0.0,0.0
636,0.0,0.0,0.0
637,0.0,0.0,0.0
638,0.0,0.0,0.0
639,0.0,0.0,0.0
640,0.0,0.0,0.0
641,0.0,0.0,0.0
642,0.0,0.0,0.0
643,0.0,0.0,0.0
644,0.0,0.0,0.0
645,0.0,-0.015151515151515152,0.0446969696969697
646,0.0,0.0,-0.02303030303030303
647,0.0,0.015151515151515152,0.08166666666666667
648,0.0003777452515370712,0.0,0.0
649,0.0003777452515370712,0.0,-0.05484848484848485
650,0.00043534091568737975,0.015151515151515152,0.16196969696969696
651,0.0004889608269347925,0.030303030303030304,0.15151515151515152
652,0.0010254488597203385,0.030303030303030304,0.0893939393939394
653,0.0019586349203412484,0.015151515151515152,0.11166666666666666
654,0.0010503430139300143,0.030303030303030304,0.13969696969696968
655,0.0007166300851102486,0.030303030303030304,0.10242424242424242
656,0.30680089743355554,-0.4696969696969697,1.65939393939394
657,0.3633571607332035,0.08333333333333333,-0.2531818181818181
658,0.49626719574908434,0.09090909090909091,1.2337878787878778
659,0.5059090116618672,0.6818181818181818,3.725454545454541
660,0.4935633107153231,0.0,0.9963636363636369
661,0.0,0.0,0.0
662,0.0,0.0,0.0
663,0.0,0.0,0.0
664,0.0,0.0,0.0
665,0.0,0.0,0.0
666,0.0,0.0,0.0
667,0.0,0.0,0.0
668,0.0,0.0,0.0
669,0.0,0.0,0.0
670,0.0,0.0,0.0
671,0.0,0.0,0.0
672,0.0,0.0,0.0
673,0.0,0.0,0.0
674,0.0,0.0,0.0
675,0.0,0.0,0.0
676,0.0,0.0,0.0
677,0.0,0.0,0.0
678,0.0,0.0,0.0
679,0.0,0.0,0.0
680,0.0,0.0,0.0
681,0.0,0.0,0.0
682,0.0,0.0,0.0
683,0.0,0.0,0.0
684,0.0,0.0,0.0
685,0.0,0.0,0.0
686,0.0,0.0,0.0
687,0.0,0.0,0.0
688,0.0,0.0,0.0
689,0.0,0.0,0.0
690,0.0,0.0,0.0
691,0.0,0.0,0.0
692,0.0,0.0,0.0
693,0.0,0.0,0.0
694,0.0,0.0,0.0
695,0.0,0.0,0.0
696,0.0,0.0,0.0
697,0.0,0.0,0.0
698,0.0,0.0,0.0
699,0.0,0.0,0.0
700,0.0,0.0,0.0
701,0.0,0.0,0.0
702,0.0,0.0,0.0
703,0.0,0.0,0.0
704,0.0,0.0,0.0
705,0.0,0.0,0.0
706,0.0,0.0,0.0
707,0.0,0.0,0.0
708,0.0,0.0,0.0
709,0.0,0.0,0.0
710,0.0,0.0,0.0
711,0.0,0.0,0.0
712,0.0,0.0,0.0
713,0.0,0.0,0.0
714,0.0,0.0,0.0
715,0.0,0.0,0.0
716,0.0,0.0,0.0
717,0.0,0.0,0.0
718,0.0,0.0,0.0
719,0.0,0.0,0.0
720,0.5008294336800202,0.6136363636363636,3.086060606060605
721,0.4924677792887364,0.015151515151515152,2.6968181818181804
722,0.6100161211994107,0.696969696969697,4.078939393939389
723,0.48469232477011415,0.022727272727272728,0.39757575757575586
724,0.8537418090383745,0.007575757575757576,-0.9981818181818196
725,0.7147982697981279,0.9090909090909091,4.437878787878782
726,0.6071399102564825,0.2727272727272727,2.9680303030303006
727,0.632692456539191,-0.007575757575757576,-1.139242424242425
728,0.5550513227125137,0.030303030303030304,-0.01863636363636359
729,0.5198022323756439,0.45454545454545453,1.9516666666666667
730,0.5133429921253047,0.38636363636363635,2.8128787878787875
731,0.0,0.0,0.0
732,0.0,0.0,0.0
733,0.0,0.0,0.0
734,0.0,0.0,0.0
735,0.0,0.0,0.0
736,0.0,0.0,0.0
737,0.0,0.0,0.0
738,0.0,0.0,0.0
739,0.0,0.0,0.0
740,0.0,0.0,0.0
741,0.0,0.0,0.0
742,0.0,0.0,0.0
743,0.0,0.0,0.0
744,0.0,0.0,0.0
745,0.0,0.0,0.0
746,0.0,0.0,0.0
747,0.0,0.0,0.0
748,0.0,0.0,0.0
749,0.0,0.0,0.02772727272727273
750,0.0,0.0,0.02696969696969697
751,0.0,0.0,-0.027424242424242424
752,0.0,0.0,0.05257575757575758
753,0.0,0.015151515151515152,0.08166666666666667
754,0.0,0.0,0.0456060606060606
755,0.0,0.0,0.0
756,0.0,0.0,-0.011818181818181818
757,0.0,0.0,0.02696969696969697
758,0.0,0.0,0.0456060606060606
759,0.0,0.015151515151515152,0.05621212121212121
760,0.0,0.0,0.05257575757575758
761,0.0,0.015151515151515152,0.08166666666666667
762,0.0,0.015151515151515152,0.08166666666666667
763,0.0,0.0,-0.02303030303030303
764,0.0,0.0,-0.02303030303030303
765,0.0,0.0,-0.027424242424242424
766,0.0,-0.015151515151515152,0.024848484848484845
767,0.0,0.015151515151515152,0.08166666666666667
768,0.0,0.0,0.02772727272727273
769,0.0,0.0,-0.023636363636363636
770,0.0,0.0,0.0456060606060606
771,0.0,0.015151515151515152,0.08166666666666667
772,0.0,0.0,-0.016515151515151517
773,0.0,0.0,0.026060606060606062
774,0.0,0.015151515151515152,0.08166666666666667
775,0.0,0.0,0.02772727272727273
776,0.0,0.0,0.02772727272727273
777,0.0,0.0,0.02772727272727273
778,0.0,0.007575757575757576,0.07212121212121211
779,0.0,0.0,0.05257575757575758
780,0.0,0.0,0.05257575757575758
781,0.0,0.0,-0.027424242424242424
782,0.0,0.015151515151515152,0.05621212121212121
783,0.0,0.0,0.02772727272727273
784,0.0,0.0,0.0456060606060606
785,0.0,-0.015151515151515152,0.024848484848484845
786,0.0,0.0,-0.027424242424242424
787,0.0,0.0,0.05257575757575758
788,0.0,0.0,0.02772727272727273
789,0.0,0.0,0.02772727272727273
790,0.00018202447867343946,-0.015151515151515152,0.07045454545454545
791,0.00012979475674144612,0.0,0.015151515151515152
792,5.183994788772472e-05,0.015151515151515152,0.04439393939393939
793,0.00018202447867343946,0.0,-0.06075757575757575
794,0.00015590961770744276,0.0,-0.011818181818181818
795,0.0004652798995497328,-0.015151515151515152,0.125
796,0.0002327545661586894,0.0,0.06454545454545454
797,0.0004380983732075497,-0.007575757575757576,0.14954545454545454
798,0.0003348346325008446,0.0,-0.03772727272727273
799,0.0009898594443787372,-0.030303030303030304,0.1412121212121212
800,0.0012609736720561528,0.0,0.017575757575757574
801,0.0018697517471327016,0.0,-0.02257575757575758
802,0.0027458222323701775,0.0,0.01727272727272727
803,0.005163947175419597,-0.030303030303030304,0.12469696969696971
804,0.006906628371680404,-0.015151515151515152,0.24984848484848488
805,0.009132297238026981,0.015151515151515152,0.07681818181818181
806,0.009946962570786012,0.0,0.035757575757575766
807,0.007912109356337446,0.007575757575757576,0.30242424242424243
808,0.010745219490017749,-0.007575757575757576,0.33848484848484844
809,0.010996649351163991,0.0,0.20439393939393943
810,0.01209942286059992,-0.08333333333333333,0.31681818181818183
811,0.011322426325473459,0.015151515151515152,0.47606060606060596
812,0.01296946263578188,-0.030303030303030304,0.36590909090909096
813,0.011118719531508624,-0.03787878787878788,0.36969696969696975
814,0.023058652841776623,0.015151515151515152,0.19742424242424245
815,0.023306606494973358,0.045454545454545456,0.4295454545454546
816,0.024764357759184636,0.015151515151515152,0.5309090909090908
817,0.026338594963899876,0.0,0.12696969696969698
818,0.023929780385728953,0.022727272727272728,0.0790909090909091
819,0.027046891371463787,-0.015151515151515152,0.21257575757575758
820,0.026271048000125294,0.0,0.5477272727272726
821,0.026359545049470728,-0.06060606060606061,0.4603030303030303
822,0.020138202933841224,0.015151515151515152,0.006060606060606039
823,0.021364929319091504,0.0,0.30227272727272725
824,0.022897293153945304,0.0,0.03818181818181819
825,0.018872976007921587,0.015151515151515152,0.2487878787878788
826,0.015381932684613374,0.015151515151515152,-0.08560606060606063
827,0.006913377492187619,-0.015151515151515152,0.16075757575757577
828,0.0059565139025837275,0.015151515151515152,0.17106060606060608
829,0.005672255869248303,-0.007575757575757576,0.22530303030303037
830,0.0004490073816775387,0.0,0.052121212121212124
831,0.0,0.0,-0.02303030303030303
832,0.0,0.0,0.026060606060606062
833,0.0,0.0,0.0
834,0.0,0.0,0.0
835,0.0,0.0,0.0
836,0.0,0.0,0.0
837,0.0,0.0,0.0
838,0.0,0.0,0.0
839,0.0,0.0,0.0
840,0.0,0.0,0.0
841,0.0,0.0,0.0
842,0.0,0.0,0.0
843,0.0,0.0,0.0
844,0.0,0.0,0.0
845,0.0,0.0,0.0
846,0.0,0.0,0.0
847,0.0,0.0,0.0
848,0.0,0.0,0.0
849,0.0,0.0,0.0
850,0.0,0.0,0.0
851,0.0,0.0,0.0
852,0.0,0.0,0.0
853,0.0,0.0,0.0
854,0.0,0.0,0.0
855,0.0,0.0,0.0
856,0.0,0.0,0.0
857,0.0,0.0,0.0
858,0.0,0.0,0.0
859,0.0,0.0,0.0
860,0.0,0.0,0.0
861,0.0,0.0,0.0
862,0.0,0.0,0.0
863,0.0,0.0,0.0
864,0.0,0.0,0.0
865,0.0,0.0,0.0
866,0.0,0.0,0.0
867,0.0,0.0,0.0
868,0.0,0.0,0.0
869,0.0,0.0,0.0
870,0.0,0.0,0.0
871,0.0,0.0,0.0
872,0.0,0.0,0.026060606060606062
873,0.0,0.0,-0.016515151515151517
874,0.0,0.0,0.0
875,0.0,0.0,0.0
876,0.0,0.0,0.0
877,0.0,0.0,0.0
878,0.0,0.0,0.0
879,0.0,0.0,0.0
880,0.0,0.0,0.0
881,0.0,0.0,0.0
882,0.0,0.0,0.0
883,0.003233490272300411,0.0,0.0456060606060606
884,0.004525693067097311,0.0,-0.13712121212121214
885,0.0033498414107132283,0.0,-0.046515151515151516
886,0.14352144097537756,-0.030303030303030304,0.6706060606060603
887,0.35197047375409574,-0.015151515151515152,2.249242424242423
888,0.3441250380512456,-0.03787878787878788,1.5401515151515144
889,0.4189072823859638,0.15151515151515152,2.457121212121211
890,0.3421482736473251,0.030303030303030304,0.8196969696969694
891,0.35045226057429346,-0.022727272727272728,2.080909090909091
892,0.5348324385349326,0.022727272727272728,-0.24545454545454565
893,0.4805961909028114,-0.09090909090909091,2.467727272727272
894,0.0,0.0,0.0
895,0.0,0.0,0.0
896,0.0,0.0,0.0
897,0.0,0.0,0.0
898,0.0,0.0,0.0
899,0.0,0.0,0.0
900,0.0,0.0,0.0
901,0.0,0.0,0.0
902,0.0,0.0,0.0
903,0.0,0.0,0.0
904,0.43813232738538205,-0.25,2.142272727272727
905,0.40780452906727865,-0.22727272727272727,1.9004545454545454
906,0.36706229639910437,0.10606060606060606,1.6666666666666659
907,0.4462208639245462,0.42424242424242425,2.6389393939393937
908,0.38757579782024526,0.30303030303030304,1.7710606060606053
909,0.3827827771039719,-0.05303030303030303,2.16560606060606
910,0.0,0.0,0.0
911,0.0,0.0,0.0
912,0.0,0.0,0.0
913,0.0,0.0,0.0
914,0.0,0.0,0.0
915,0.0,0.0,0.0
916,0.0,0.0,0.0
917,0.0,0.0,0.0
918,0.0,0.0,0.0
919,0.0,0.0,0.0
920,0.0,0.0,0.0
921,0.0,0.0,0.0
922,0.0,0.0,0.0
923,0.0,0.0,0.0
924,0.0,0.0,0.0
925,0.0,0.0,0.0
926,0.0,0.0,0.0
927,0.0,0.0,0.0
928,0.0,0.0,0.0
929,0.0,0.0,0.0
930,0.0,0.0,0.0
931,0.0,0.0,0.0
932,0.0,0.0,0.0
933,0.0,0.0,0.0
934,0.0,0.0,0.0
935,0.0,0.0,0.0
936,0.0,0.0,0.0
937,0.0,0.0,0.0
938,0.0,0.0,0.0
939,0.0,0.0,0.0
940,0.0,0.0,0.0
941,0.0,0.0,0.0
942,0.0,0.0,0.0
943,0.0,0.0,0.0
944,0.0,0.0,0.0
945,0.0,0.0,0.0
946,0.0,0.0,0.0
947,0.0,0.0,0.0
948,0.0,0.0,0.0
949,0.0,0.0,0.0
950,0.0,0.0,0.0
951,0.0,0.0,0.0
952,0.0,0.0,0.0
953,0.0,0.0,0.0
954,0.0,0.0,0.0
955,0.0,0.0,0.0
956,0.0,0.0,0.0
957,0.0,0.0,0.0
958,0.0,0.0,0.0
959,0.0,0.0,0.0
960,0.0,0.0,0.0
961,0.0,0.0,0.0
962,0.0,0.0,0.0
963,0.0,0.0,0.0
964,0.0,0.0,0.0
965,0.0,0.0,0.0
966,0.0,0.0,0.0
967,0.0,0.0,0.0
968,0.0,0.0,0.0
969,0.0,0.0,0.0
970,0.0,0.0,0.0
971,0.0,0.0,0.0
972,0.0,0.0,0.0
973,0.0,0.0,0.0
974,0.0,0.0,0.0
975,0.0,0.0,0.0
976,0.0,0.0,0.0
977,0.0,0.0,0.0
978,0.0,0.0,0.0
979,0.0,0.0,0.0
980,0.0,0.0,0.0
981,0.0,0.0,0.0
982,0.0,0.0,0.0
983,0.0,0.0,0.0
984,0.0,0.0,0.0
985,0.0,0.0,0.0
986,0.0,0.0,0.0
987,0.0,0.0,0.0
988,0.0,0.0,0.0
989,0.0,0.0,0.0
990,0.0,0.0,0.0
991,0.0,0.0,0.0
992,0.0,0.0,0.0
993,0.0,0.0,0.0
994,0.0,0.0,0.0
995,0.0,0.0,0.0
996,0.0,0.0,0.0
997,0.0,0.0,0.0
998,0.0,0.0,0.0
999,0.0,0.0,0.0
1000,0.0,0.0,0.0
1001,0.0,0.0,0.0
1002,0.0,0.0,0.0
1003,0.0,0.0,0.0
1004,0.0,0.0,0.0
1005,0.0,0.0,0.0
1006,0.0,0.0,0.0
1007,0.0,0.0,0.0
1008,0.0,0.0,0.0
1009,0.0,0.0,0.0
1010,0.0,0.0,0.0
1011,0.0,0.0,0.0
1012,0.0,0.0,0.0
1013,0.0,0.0,0.0
1014,0.0,0.0,0.0
1015,0.0,0.0,0.0
1016,0.0,0.0,0.0
1017,0.0,0.0,0.0
1018,0.0,0.0,0.0
1019,0.0,0.0,0.0
1020,0.0,0.0,0.0
1021,0.0,0.0,0.0
1022,0.0,0.0,0.0
1023,0.0,0.0,0.0
1024,0.0,0.0,0.0
1025,0.0,0.015151515151515152,0.05621212121212121
1026,0.0,0.0,-0.02303030303030303
1027,0.0,0.0,-0.011818181818181818
1028,0.0,0.0,-0.023636363636363636
1029,0.0,0.0,0.02772727272727273
1030,0.0,0.0,0.05257575757575758
1031,0.0,0.0,0.02772727272727273
1032,0.0,0.0,0.02772727272727273
1033,0.0,0.0,0.02772727272727273
1034,0.0,0.0,0.02772727272727273
1035,0.0,0.0,0.02772727272727273
1036,0.0,-0.015151515151515152,0.024848484848484845
1037,0.0,0.015151515151515152,0.08166666666666667
1038,0.0,0.0,-0.027424242424242424
1039,0.0,0.0,0.02696969696969697
1040,0.0,0.0,0.02772727272727273
1041,0.0,0.0,-0.011818181818181818
1042,0.0,0.0,-0.011818181818181818
1043,0.0,0.0,0.007424242424242424
1044,0.0,-0.015151515151515152,0.024848484848484845
1045,0.0,0.0,-0.011818181818181818
1046,0.0,0.0,-0.027424242424242424
1047,0.0,0.007575757575757576,0.07212121212121211
1048,0.0,0.015151515151515152,0.05621212121212121
1049,0.0,0.0,0.02772727272727273
1050,0.0,0.0,0.02772727272727273
1051,0.0,0.0,0.02772727272727273
1052,0.00010605258632646411,0.015151515151515152,0.10939393939393939
1053,0.00039720069785192545,0.0,0.05545454545454546
1054,0.0,0.0,0.02696969696969697
1055,0.00010711143764850065,0.0,0.0456060606060606
1056,0.00013358842223577046,0.0,0.015151515151515152
1057,0.00041073645015331705,0.015151515151515152,0.13575757575757577
1058,0.0003020043281289054,0.0,0.03606060606060606
1059,0.0008369450109886529,0.0,0.01757575757575757
1060,0.0008474688576558679,0.0,0.0825757575757576
1061,0.0010985622396886146,0.0,0.08212121212121212
1062,0.0018780528816881735,0.0,0.040606060606060604
1063,0.0016431447256456794,-0.015151515151515152,0.05833333333333333
1064,0.01576027248273828,0.09090909090909091,0.6337878787878789
1065,0.02596785731763952,-0.015151515151515152,0.3277272727272727
1066,0.09624348004783437,0.30303030303030304,1.4689393939393935
1067,0.12044720327035849,-0.09090909090909091,0.8140909090909088
1068,0.19390159557535258,0.3484848484848485,1.6048484848484839
1069,0.21303665395405827,0.03787878787878788,-0.4977272727272731
1070,0.20815219528693057,0.022727272727272728,0.24772727272727268
1071,0.22909699956481183,-0.022727272727272728,0.6504545454545454
1072,0.3760787260951941,-0.07575757575757576,2.2119696969696965
1073,0.29239579583373293,0.15151515151515152,1.3101515151515146
1074,0.33030135678624317,-0.13636363636363635,1.3221212121212123
1075,0.3955763453564191,0.3181818181818182,2.211969696969696
1076,0.3262809677355667,0.19696969696969696,1.1142424242424236
1077,0.4305752813657916,0.19696969696969696,2.394545454545454
1078,0.42619625318949184,0.44696969696969696,2.502424242424242
1079,0.4686718123433775,0.48484848484848486,2.252272727272727
1080,0.39412939697469096,-0.022727272727272728,2.124090909090909
1081,0.4330162567573502,0.18181818181818182,2.012727272727273
1082,0.3825907261827909,-0.16666666666666666,1.6063636363636369
1083,0.6476778052644727,0.0,-1.4900000000000015
1084,0.39552271938280303,0.2803030303030303,2.0999999999999988
1085,0.4046786446540051,0.3106060606060606,2.1246969696969695
1086,0.0,0.0,0.0
1087,0.0,0.0,0.0
1088,0.0,0.0,0.0
1089,0.0,0.0,0.0
1090,0.0,0.0,0.0
1091,0.0,0.0,0.0
1092,0.0,0.0,0.0
1093,0.0,0.0,0.0
1094,0.0,0.0,0.0
1095,0.0,0.0,0.0
1096,0.0,0.0,0.0
1097,0.0,0.0,0.0
1098,0.0,0.0,0.0
1099,0.0,0.0,0.0
1100,0.0,0.0,0.0
1101,0.0,0.0,0.0
1102,0.0,0.0,0.0
1103,0.0,0.0,0.0
1104,0.0,0.0,0.0
1105,0.0,0.0,0.0
1106,0.0,0.0,0.0
1107,0.0004899017716594634,-0.030303030303030304,0.0893939393939394
1108,0.0004899017716594634,0.0,-0.05484848484848485
1109,0.00135485451121174,0.030303030303030304,0.19
1110,0.035246489530878534,0.18181818181818182,0.6654545454545456
1111,0.06951307981098598,0.22727272727272727,1.0192424242424245
1112,0.08253068975904347,0.0,1.2125757575757574
1113,0.09318872299959313,0.007575757575757576,0.40484848484848496
1114,0.1222581964527321,0.08333333333333333,1.1298484848484849
1115,0.2012776893944922,0.15151515151515152,0.7224242424242416
1116,0.27589741528746964,0.18181818181818182,0.4037878787878779
1117,0.2654639012524449,0.06060606060606061,0.9819696969696966
1118,0.3155111593318497,0.17424242424242425,1.395757575757576
1119,0.32688683972841254,0.13636363636363635,1.7730303030303023
1120,0.0018928303952632556,0.0,-0.12151515151515153
1121,0.0009787149421702501,0.0,-0.014545454545454552
1122,0.0013084476426314415,-0.030303030303030304,0.12348484848484849
1123,0.3585164015425658,0.12878787878787878,1.7851515151515147
1124,0.33450681408482075,-0.030303030303030304,0.9804545454545447
1125,0.3002335901407101,0.12121212121212122,0.7174242424242412
1126,0.35669166546214587,0.3484848484848485,2.6972727272727255
1127,0.3924475135574333,0.21212121212121213,2.626363636363636
1128,0.3967474372053216,0.3409090909090909,2.7459090909090897
1129,0.0,0.0,0.0
1130,0.0,0.0,0.0
1131,0.0,0.0,0.0
1132,0.0,0.0,0.0
1133,0.0,0.0,0.0
1134,0.34194066267175605,-0.12121212121212122,1.0937878787878788
1135,0.3645477946662244,0.030303030303030304,0.129848484848485
1136,0.3861281391766359,0.1893939393939394,-0.06500000000000045
1137,0.3323453316064405,0.17424242424242425,1.171666666666666
1138,0.32007191115642414,0.07575757575757576,1.1528787878787874
1139,0.4639452114821396,-0.29545454545454547,2.099242424242424
1140,0.5022290582291962,-0.4090909090909091,2.0157575757575756
1141,0.5433742571769467,-0.4393939393939394,1.9271212121212122
1142,0.5698893681847865,0.13636363636363635,3.0037878787878785
1143,0.5804413670354307,0.36363636363636365,3.263939393939392
1144,0.5187420265207224,0.4090909090909091,3.083636363636362
1145,0.7463960612410937,0.0,-0.8827272727272735
1146,0.0,0.0,0.0
1147,0.0,0.0,0.0
1148,0.0,0.0,0.0
1149,0.0,0.0,0.0
1150,0.0,0.0,0.0
1151,0.0,0.0,0.0
1152,0.0,0.0,0.0
1153,0.0,0.0,0.0
1154,0.0,0.0,0.0
1155,0.0,0.0,0.0
1156,0.0,0.0,0.0
1157,0.0,0.0,0.0
1158,0.0,0.0,0.0
1159,0.0,0.0,0.0
1160,0.0,0.0,0.0
1161,0.0,0.0,0.0
1162,0.0,0.0,0.0
1163,0.0,0.0,0.0
1164,0.0,0.0,0.0
1165,0.0,0.0,0.0
1166,0.0,0.0,0.0
1167,0.0,0.0,0.0
1168,0.0,0.0,0.0
1169,0.0,0.0,0.0
1170,0.0,0.0,0.0
1171,0.0,0.0,0.0
1172,0.0,0.0,0.0
1173,0.0,0.0,0.0
1174,0.0,0.0,0.0
1175,0.0,0.0,0.0
1176,0.0,0.0,0.0
1177,0.0,0.0,0.0
1178,0.0,0.0,0.0
1179,0.0,0.0,0.0
1180,0.0,0.0,0.0
1181,0.0,0.0,0.0
1182,0.0,0.0,0.0
1183,0.0,0.0,0.0
1184,0.0,0.0,0.0
1185,0.0,0.0,0.0
1186,0.0,0.0,0.0
1187,0.0,0.0,0.0
1188,0.0,0.0,0.0
1189,0.0,0.0,0.0
1190,0.0,0.0,0.0
1191,0.0,0.0,0.0
1192,0.0,0.0,0.0
1193,0.0,0.0,0.0
1194,0.0,0.0,0.0
1195,0.0,0.0,0.0
1196,0.0,0.0,0.0
1197,0.0,0.0,0.0
1198,0.0,0.0,0.0
1199,0.0,0.0,0.0
1200,0.0,0.0,0.0
1201,0.0,0.0,0.0
1202,0.0,0.0,0.0
1203,0.0,0.0,0.0
1204,0.0,0.0,0.0
1205,0.0,0.0,0.0
1206,0.0,0.0,0.0
1207,0.0,0.0,0.0
1208,0.0,0.0,0.0
1209,0.0,0.0,0.0
1210,0.0,0.0,0.0
1211,0.0,0.0,0.0
1212,0.0,0.0,0.0
1213,0.0,0.0,0.0
1214,0.0,0.0,0.0
1215,0.0,0.0,0.0
1216,0.0,0.0,0.0
1217,0.0,0.0,0.0
1218,0.0,0.0,0.0
1219,0.0,0.0,0.0
1220,0.0,0.0,0.0
1221,0.0,0.0,0.0
1222,0.0,0.0,0.0
1223,0.0,0.0,0.0
1224,0.0,0.0,0.0
1225,0.0,0.0,0.0
1226,0.0,0.0,0.0
1227,0.0,0.0,0.0
1228,0.0,0.0,0.0
1229,0.0,0.0,0.0
1230,0.0,0.0,0.0
1231,0.0,0.0,0.0
1232,0.0,0.0,0.0
1233,0.0,0.0,0.0
1234,0.0,0.0,0.0
1235,0.0,0.0,0.0
1236,0.0,0.0,0.0
1237,0.0,0.0,0.0
1238,0.0,0.0,0.0
1239,0.0,0.0,0.0
1240,0.0,0.0,0.0
1241,0.0,0.0,0.0
1242,0.0,0.0,0.0
1243,0.0,0.0,0.0
1244,0.0,0.0,0.0
1245,0.0,0.0,0.0
1246,0.0,0.0,0.0
1247,0.0,0.0,0.0
1248,0.0,0.0,0.0
1249,0.0,0.0,0.0
1250,0.0,0.0,0.0
1251,0.0,0.0,0.0
1252,0.0,0.0,0.0
1253,0.0,0.0,0.0
1254,0.0,0.0,0.0
1255,0.0,0.0,0.0
1256,0.0,0.0,0.0
1257,0.0,0.0,0.0
1258,0.0,0.0,0.0
1259,0.0,0.0,0.0
1260,0.0,0.0,-0.011818181818181818
1261,0.0,0.0,0.007424242424242424
1262,0.0,0.0,0.007424242424242424
1263,5.5108629893761094e-05,0.0,0.010454545454545454
1264,0.0008030592903329377,0.015151515151515152,0.04863636363636363
1265,0.001175011105232541,0.015151515151515152,0.16272727272727272
1266,0.0016397156577852173,0.030303030303030304,0.16924242424242425
1267,0.0040153462231231575,0.0,0.01196969696969697
1268,0.006919356148871999,0.015151515151515152,0.20287878787878788
1269,0.007912647358580677,0.015151515151515152,0.053636363636363635
1270,0.007920906283238546,0.07575757575757576,0.3846969696969697
1271,0.0065009868209440725,0.0,0.08818181818181818
1272,0.007048890874537529,0.015151515151515152,0.17121212121212123
1273,0.3430942724047168,0.030303030303030304,-0.3809090909090909
1274,0.43103861431363205,0.06060606060606061,0.5165151515151507
1275,0.3987596680421428,0.07575757575757576,-0.600909090909091
1276,0.5027612821574391,-0.18181818181818182,2.2218181818181795
1277,0.4273045594416814,0.05303030303030303,1.6118181818181816
1278,0.5888200182471861,0.045454545454545456,2.69060606060606
1279,0.513651916090281,-0.11363636363636363,2.4989393939393922
1280,0.3865511668311256,-0.06060606060606061,0.3313636363636363
1281,0.5611633548698993,0.22727272727272727,3.960909090909086
1282,0.4819628528349479,0.045454545454545456,2.9396969696969677
1283,0.3860947942633988,0.08333333333333333,0.9336363636363632
1284,0.0026952513331552717,-0.06060606060606061,0.1787878787878788
1285,0.47013408025721587,-0.49242424242424243,2.191969696969697
1286,0.4235020060425833,0.022727272727272728,1.2759090909090904
1287,0.0,0.0,0.0
1288,0.0,0.0,0.0
1289,0.0,0.0,0.0
1290,0.0,0.0,0.0
1291,0.0,0.0,0.0
1292,0.0,0.0,0.0
1293,0.0,0.0,0.0
1294,0.0,0.0,0.0
1295,0.0,0.0,0.0
1296,0.0,0.0,0.0
1297,0.0,0.0,0.0
1298,0.0,0.0,0.0
1299,0.0,0.0,0.0
1300,0.0,0.0,0.0
1301,0.0,0.0,0.0
1302,0.0,0.0,0.0
1303,0.0,0.0,0.0
1304,0.0,0.0,0.0
1305,0.0,0.0,0.0
1306,0.0,0.0,0.0
1307,0.0,0.0,0.0
1308,0.0,0.0,0.0
1309,0.0,0.0,0.0
1310,0.0,0.0,0.0
1311,0.0,0.0,0.0
1312,0.0,0.0,0.0
1313,0.0,0.0,0.0
1314,0.0,0.0,0.0
1315,0.0,0.0,0.0
1316,0.0,0.0,0.0
1317,0.0,0.0,0.0
1318,0.0,0.0,0.0
1319,0.0,0.0,0.0
1320,0.0,0.0,0.0
1321,0.0,0.0,0.0
1322,0.0,0.0,0.0
1323,0.0,0.0,0.0
1324,0.0,0.0,0.0
1325,0.0,0.0,0.0
1326,0.0,0.0,0.0
1327,0.0,0.0,0.0
1328,0.0,0.0,0.02772727272727273
1329,0.0,0.0,0.05257575757575758
1330,0.0,0.0,0.0456060606060606
1331,0.0,0.0,0.007424242424242424
1332,0.00032338633666292827,-0.015151515151515152,0.055909090909090915
1333,0.00021274541760569175,0.015151515151515152,0.050606060606060606
1334,0.045485375507561376,0.015151515151515152,0.4268181818181817
1335,0.5113570655279496,0.045454545454545456,-0.6765151515151517
1336,0.7106575361120302,0.022727272727272728,-0.39530303030303066
1337,0.5124544649425535,-0.5,1.314848484848485
1338,0.00631193607476493,0.0,0.15636363636363637
1339,0.969495158354636,0.0,-1.4969696969696964
1340,0.5239228319850231,0.0,0.3098484848484838
1341,0.4859677072877726,0.0,-0.5937878787878789
1342,0.5722033280882135,0.17424242424242425,3.3890909090909087
1343,0.0,0.0,0.0
1344,0.5783879459617088,0.18181818181818182,2.5030303030303025
1345,0.5873610991762345,0.2878787878787879,3.1395454545454538
1346,0.944726050222558,0.015151515151515152,3.0174242424242403
1347,0.891267672118699,0.0,-1.7089393939393953
1348,0.6458636970151416,0.0,-1.4130303030303042
1349,0.9621836621900975,0.0,1.7481818181818172
1350,0.9796532706225414,-0.9848484848484849,2.950909090909088
1351,0.9999999999999999,-1.0,2.949999999999997
1352,0.973936490253067,0.0,-2.1772727272727277
1353,0.942141488677869,0.0,-2.176363636363637
1354,0.9776399510739483,0.0,-1.7990909090909106
1355,0.5839176617096644,0.022727272727272728,2.037575757575759
1356,0.7191563649698942,0.015151515151515152,-1.6548484848484861
1357,0.9620919224342548,0.0,0.04075757575757576
1358,0.5113672551984628,0.4090909090909091,1.221363636363635
1359,0.0,0.0,0.0
1360,0.0,0.0,0.0
1361,0.0,0.0,0.0
1362,0.6090842132349377,0.48484848484848486,1.9522727272727258
1363,0.6646588590639948,-0.4090909090909091,2.606212121212121
1364,0.0,0.0,0.0
1365,0.9543061627397477,0.0,-1.7439393939393955
1366,0.5509228696997858,0.29545454545454547,3.3957575757575733
1367,0.6211798884387048,0.015151515151515152,-1.5107575757575773
1368,0.0,-0.015151515151515152,0.0446969696969697
1369,0.0,0.0,0.007424242424242424
1370,0.6262772136091057,-0.030303030303030304,0.09863636363636256
1371,0.6170077712808035,0.0,-1.739545454545456
1372,0.46653199802399903,-0.4393939393939394,1.0827272727272756
1373,0.6091633831329971,0.6060606060606061,1.9996969696969682
1374,0.4838589790789754,-0.015151515151515152,0.2584848484848477
1375,0.29795970347350614,0.5454545454545454,2.9145454545454523
1376,0.0,0.015151515151515152,0.08166666666666667
1377,0.0,0.0,0.0
1378,0.0,0.0,0.0
1379,0.3362607766687922,-0.5757575757575758,1.6984848484848494
1380,0.5631317571849516,0.19696969696969696,3.165909090909097
1381,0.4348345186361847,-0.20454545454545456,0.1666666666666663
1382,0.5939645251786108,0.015151515151515152,-0.48363636363636375
1383,0.4786970281331755,-0.2878787878787879,-0.04045454545454575
1384,0.5196067905838798,0.24242424242424243,2.4784848484848485
1385,0.6878756257482226,0.0,1.0104545454545457
1386,0.0,0.0,0.0
1387,0.0,0.0,0.0
1388,0.9999999999999999,0.0,1.719999999999999
1389,0.8962584328657465,0.0,-1.6948484848484866
1390,0.9780498954871957,0.0,0.5095454545454541
1391,0.0,0.0,0.0
1392,0.8276918471462892,0.0,-1.3321212121212131
1393,0.9700544276769385,0.0,1.802272727272726
1394,0.9700544276769385,0.0,1.693939393939393
1395,0.593929186697726,0.0,1.06560606060606
1396,0.9342326341623254,0.0,1.7545454545454553
1397,0.7366231617130371,0.0,-1.619696969696971
1398,0.7314028461768823,0.022727272727272728,1.5124242424242416
1399,0.7298244724897512,-0.9090909090909091,2.3978787878787875
1400,0.5976867578060004,0.0,0.20060606060606065
1401,0.6436314164854824,0.015151515151515152,0.9481818181818183
1402,0.6025787426086076,0.6818181818181818,3.7737878787878816
1403,0.5709206813007662,0.4090909090909091,1.640757575757575
1404,0.6978310225278938,0.0,-1.3654545454545466
1405,0.0,0.0,0.0
1406,0.0,0.0,0.0
1407,0.0,0.0,0.0
1408,0.5436451837795487,0.25757575757575757,2.777878787878788
1409,0.5064337182458137,0.12121212121212122,2.3553030303030296
1410,0.0,0.0,0.0
1411,0.0,0.0,0.0
1412,0.0,0.0,0.0
1413,0.5740296516981215,-0.030303030303030304,-0.6316666666666669
1414,0.5093884069514168,0.030303030303030304,1.0080303030303028
1415,0.45371473357670183,0.06060606060606061,0.8362121212121214
1416,0.9393239459876379,0.0,-1.5439393939393953
1417,0.622547449474418,-0.015151515151515152,1.303787878787878
1418,0.6060073610913849,-0.3181818181818182,2.7718181818181815
1419,0.706926108406971,0.7651515151515151,3.843636363636367
1420,0.9376101459132405,0.0,-0.8036363636363644
1421,0.6655419637884615,0.0,-1.1580303030303039
1422,0.7638869481127463,0.0,-1.2718181818181828
1423,0.5116246616898332,0.007575757575757576,0.5451515151515136
1424,0.0,0.0,0.0
1425,0.0,0.0,0.0
1426,0.7070715049917061,0.0,-1.4122727272727282
1427,0.9700544276769385,0.0,1.693939393939393
1428,0.6389950079535316,0.0,1.5727272727272719
1429,0.7847594144638207,0.0,-0.5993939393939398
1430,0.9700544276769385,-0.9848484848484849,2.9053030303030276
1431,0.6760493808616922,0.0,-1.3356060606060616
1432,0.6323177441590193,0.0,-1.4231818181818203
1433,0.0,0.0,0.0
1434,0.0,0.0,0.0
1435,0.0,0.0,0.0
1436,0.0,0.0,0.0
1437,0.0,0.0,0.0
1438,0.0,0.0,0.0
1439,0.0,0.0,0.0
1440,0.0,0.0,0.0
1441,0.0,0.0,0.0
1442,0.0,0.0,0.0
1443,0.0,0.0,0.0
1444,0.0,0.0,0.0
1445,0.0,0.0,0.0
1446,0.0,0.0,0.0
1447,0.0,0.0,0.0
1448,0.0,0.0,0.0
1449,0.0,0.0,0.0
1450,0.0,0.0,0.0
1451,0.0,0.0,0.0
1452,0.0,0.0,0.0
1453,0.0,0.0,0.0
1454,0.0,0.0,0.0
1455,0.0,0.0,0.0
1456,0.0,0.0,0.0
1457,0.0,0.0,0.0
1458,0.0,0.0,0.0
1459,0.0,0.0,0.0
1460,0.0,0.0,0.0
1461,0.0,0.0,0.0
1462,0.0,0.0,0.0
1463,0.0,0.0,0.0
1464,0.0,0.0,0.0
1465,0.0,0.0,0.0
1466,0.0,0.0,0.0
1467,0.0,0.0,0.0
1468,0.0,0.0,0.0
1469,0.0,0.0,0.0
1470,0.0,0.0,0.0
1471,0.0,0.0,0.0
1472,0.0,0.0,0.0
1473,0.0,0.0,0.0
1474,0.0,0.0,0.0
1475,0.0,0.0,0.0
1476,0.0,0.0,0.0
1477,0.0,0.0,0.0
1478,0.0,0.0,0.0
1479,0.0,0.0,0.0
1480,0.0,0.0,0.0
1481,0.0,0.0,0.0
1482,0.0,0.0,0.0
1483,0.0,0.0,0.0
1484,0.0,0.0,0.0
1485,0.0,0.0,0.0
1486,0.0,0.0,0.0
1487,0.0,0.0,0.0
1488,0.0,0.0,0.0
1489,0.0,0.0,0.0
1490,0.0,0.0,0.0
1491,0.0,0.0,0.0
1492,0.0,0.0,0.0
1493,0.0,0.0,0.0
1494,0.6338774793932032,0.20454545454545456,3.8537878787878785
1495,0.0,0.0,0.0
1496,0.0,0.0,0.0
1497,0.6191946004220317,0.0,2.3854545454545444
1498,0.552998543440084,0.36363636363636365,1.5278787878787874
1499,0.5269675307812245,-0.12121212121212122,1.2769696969696973
1500,0.5111637195096403,0.0,-0.20181818181818245
1501,0.4393367883652927,-0.5,0.7881818181818184
1502,0.7100883257027032,-0.9090909090909091,2.20621212121212
1503,0.7176320381868591,0.0,-1.0956060606060603
1504,0.6635934298062902,0.0,-0.9693939393939399
1505,0.4563868385012291,0.03787878787878788,2.267575757575757
1506,0.911374512029137,-0.9545454545454546,2.8159090909090887
1507,0.6006796910034993,0.0,-1.2850000000000021
1508,0.49630316881427444,-0.22727272727272727,1.7998484848484855
1509,0.5948611000791025,-0.5303030303030303,1.9703030303030302
1510,0.911374512029137,0.0,-1.727727272727274
1511,0.6074721536926935,0.030303030303030304,-1.1875757575757584
1512,0.5129190630896895,0.06060606060606061,2.057121212121213
1513,0.4814963540485484,0.30303030303030304,1.102878787878787
1514,0.6700929759452028,0.0,-1.8657575757575773
1515,0.7459876210953486,0.7272727272727273,3.240606060606062
1516,0.5351952573349461,-0.3333333333333333,1.858636363636363
1517,0.6969461270024143,0.9242424242424242,4.269242424242417
1518,0.2725685539699689,0.0,-1.133333333333334
1519,0.2603994028582554,0.24242424242424243,2.274848484848485
1520,0.2725685539699689,0.0,-0.9324242424242428
1521,0.27842394576667395,0.0,0.9687878787878781
1522,0.7886971717315551,0.0,3.062727272727272
1523,0.4842291608183518,-0.015151515151515152,0.7453030303030304
1524,0.5269762302991475,-0.29545454545454547,0.8210606060606063
1525,0.5341666777613139,0.0,-1.3812121212121224
1526,0.5825771601153422,0.0,0.24106060606060614
1527,0.0,0.0,0.0
1528,0.0,0.0,0.0
1529,0.0,0.0,0.0
1530,0.0,0.0,0.0
1531,0.0,0.0,0.0
1532,0.0,0.0,0.0
1533,0.0,0.0,0.0
1534,0.0,0.0,0.0
1535,0.0,0.0,0.0
1536,0.0,0.0,0.0
1537,0.0,0.0,0.0
1538,0.0,0.0,0.0
1539,0.0,0.0,0.0
1540,0.0,0.0,0.0
1541,0.0,0.0,0.0
1542,0.0,0.0,0.0
1543,0.0,0.0,0.0
1544,0.0,0.0,0.0
1545,0.6356847384956781,0.0,-1.2407575757575766
1546,0.5552291411965483,0.0,0.9257575757575768
1547,0.911374512029137,0.0,1.6990909090909099
1548,0.7895400442887714,0.0,-1.693636363636365
1549,0.5832673198776306,0.0,-0.2851515151515151
1550,0.8702612803347588,0.0,-1.4715151515151514
1551,0.6544677328761533,0.0,-1.6028787878787891
1552,0.0,0.0,0.0
1553,0.8593201396844636,0.015151515151515152,0.0959090909090909
1554,0.911374512029137,0.0,3.3122727272727266
1555,0.43556397597752794,0.0,-0.3286363636363636
1556,0.5961648763087558,0.0,1.54590909090909
1557,0.28636487816535083,0.0,-0.8425757575757579
1558,0.0,0.0,0.0
1559,0.0,0.0,0.0
1560,0.0,0.0,0.0
1561,0.0,0.0,0.0
1562,0.0,0.0,0.0
1563,0.0,0.0,0.0
1564,0.0,0.0,0.0
1565,0.0,0.0,0.0
1566,0.0,0.0,0.0
1567,0.0,0.0,0.0
1568,0.0,0.0,0.0
1569,0.0,0.0,0.0
1570,0.0,0.0,0.0
1571,0.236448054548852,0.03787878787878788,-0.09439393939393938
1572,0.5209256631415298,0.03787878787878788,1.0171212121212119
1573,0.441878746801141,0.3787878787878788,1.344696969696969
1574,0.4839079576533901,0.5227272727272727,3.3013636363636336
1575,0.3759527646785519,0.3106060606060606,2.543939393939393
1576,0.0,0.0,0.0
1577,0.0,0.0,0.0
1578,0.4706616597769219,0.045454545454545456,1.3383333333333334
1579,0.5221096698693669,0.0,1.290757575757575
1580,0.34876583264742794,-0.2878787878787879,0.29530303030303057
1581,0.5473396135403648,0.42424242424242425,1.7049999999999994
1582,0.7706733279139955,0.0,-1.7269696969696984
1583,0.5746648195461588,0.05303030303030303,-1.11439393939394
1584,0.4785235358915557,0.4015151515151515,2.9789393939394
1585,0.7278368240791253,0.0,-1.995454545454547
1586,0.0,0.0,0.0
1587,0.0,0.0,0.0
1588,0.0,0.0,0.0
1589,0.0,0.0,0.0
1590,0.0,0.0,0.0
1591,0.0,0.0,0.0
1592,0.0,0.0,0.0
1593,0.0,0.0,0.0
1594,0.0,0.0,0.0
1595,0.0,0.0,0.0
1596,0.0,0.0,0.0
1597,0.0,0.0,0.0
1598,0.940092821579912,0.0,3.3648484848484843
1599,0.6184280047508326,-0.3484848484848485,2.629090909090908
1600,0.0,0.0,0.0
1601,0.0,0.0,0.0
1602,0.0,0.0,0.0
1603,0.5856247667176482,0.0,-0.7851515151515166
1604,0.8780004325059866,0.007575757575757576,-1.4280303030303043
1605,0.6545952183987243,0.7121212121212122,2.8454545454545457
1606,0.567006208343686,0.3484848484848485,2.4177272727272747
1607,0.5381973359898635,0.015151515151515152,-0.32484848484848494
1608,0.46047853300809743,-0.022727272727272728,0.6421212121212121
1609,0.0,0.0,0.0
1610,0.0,0.0,0.0
1611,0.0,0.0,0.0
1612,0.0,0.0,0.0
1613,0.0,0.0,0.0
1614,0.0,0.0,0.0
1615,0.0,0.0,0.0
1616,0.0,0.0,0.0
1617,0.0,0.0,0.0
1618,0.0,0.0,0.0
1619,0.0,0.0,0.0
1620,0.0,0.0,0.0
1621,0.0,0.0,0.0
1622,0.0,0.0,0.0
1623,0.0,0.0,0.0
1624,0.0,0.0,0.0
1625,0.0,0.0,0.0
1626,0.0,0.0,0.0
1627,0.23338742661856682,-0.4696969696969697,1.3525757575757582
1628,0.2725685539699689,-0.5151515151515151,1.5196969696969704
1629,0.19353394367965482,-0.015151515151515152,-0.5543939393939394
1630,0.22141067080632065,0.0,0.8107575757575753
1631,0.18756871072107992,0.4393939393939394,2.3003030303030303
1632,0.2586338485603516,0.5,1.8313636363636352
1633,0.19636360391289576,-0.3939393939393939,1.3919696969696975
1634,0.15265623838557124,-0.015151515151515152,0.2625757575757575
1635,0.2512526398264754,-0.030303030303030304,0.9695454545454542
1636,0.2487043081846234,0.0,-0.9590909090909097
1637,0.16088514053834452,-0.06060606060606061,-0.031969696969697016
1638,0.20744559103367965,0.045454545454545456,1.7027272727272722
1639,0.0,0.0,0.0
1640,0.0,0.0,0.0
1641,0.0,0.0,0.0
1642,0.0,0.0,0.0
1643,0.0,0.0,0.0
1644,0.0,0.0,0.0
1645,0.0,0.0,0.0
1646,0.0,0.0,0.0
1647,0.0,0.0,0.0
1648,0.0,0.0,0.0
1649,0.0,0.0,0.0
1650,0.0,0.0,0.0
1651,0.0,0.0,0.0
1652,0.0,0.0,0.0
1653,0.0,0.0,0.0
1654,0.0,0.0,0.0
1655,0.0,0.0,0.0
1656,0.0,0.0,0.0
1657,0.0,0.0,0.0
1658,0.0,0.0,0.0
1659,0.0,0.0,0.0
1660,0.0,0.0,0.0
1661,0.0,0.0,0.0
1662,0.0,0.0,0.0
1663,0.0,0.0,0.0
1664,0.0,0.0,0.0
1665,0.0,0.0,0.0
1666,0.0,0.0,0.0
1667,0.0,0.0,0.0
1668,0.0,0.0,0.0
1669,0.0,0.0,0.0
1670,0.45056945484188327,0.015151515151515152,-1.0263636363636377
1671,0.43594628693340226,0.3409090909090909,1.4306060606060613
1672,0.45743678086640727,0.022727272727272728,-0.10333333333333335
1673,0.8331393695909689,0.0,-1.4806060606060618
1674,0.8964624151319414,-0.9393939393939394,2.8237878787878765
1675,0.0,0.0,0.0
1676,0.0,0.0,0.0
1677,0.0,0.0,0.0
1678,0.8839828214127587,0.0,-1.6965151515151529
1679,0.504946772009834,0.0,-0.6543939393939401
1680,0.5365340329975168,0.09090909090909091,3.106818181818175
1681,0.3777704350058009,0.2878787878787879,2.8422727272727246
1682,0.8639751796269473,0.0,-2.00878787878788
1683,0.4884610351015782,0.015151515151515152,0.23530303030303049
1684,0.0,0.0,0.0
1685,0.0,0.0,0.0
1686,0.0,0.0,0.0
1687,0.0,0.0,0.0
1688,0.0,0.0,0.0
1689,0.0,0.0,0.0
1690,0.0,0.015151515151515152,0.05621212121212121
1691,0.0,0.015151515151515152,0.08166666666666667
1692,0.0,0.0,0.026060606060606062
1693,0.0,0.0,-0.016515151515151517
1694,0.0,0.0,-0.011818181818181818
1695,0.22057672552087057,0.12878787878787878,2.3313636363636365
1696,0.06972759708079668,0.022727272727272728,-0.3484848484848485
1697,0.11417649429631023,-0.3181818181818182,1.0272727272727276
1698,0.5028180777862429,-0.5757575757575758,1.2146969696969698
1699,0.4753970047391089,-0.19696969696969696,2.2750000000000004
1700,0.4429792971140619,-0.03787878787878788,0.41227272727272624
1701,0.0007584135914475663,0.0,0.030303030303030304
1702,0.0004891929877989921,-0.015151515151515152,-0.008181818181818186
1703,0.0001257891687618447,0.0,0.12636363636363637
1704,0.45444452689168935,0.0,0.6775757575757569
1705,0.6095675792543077,0.0,0.8603030303030307
1706,0.4617849447161245,0.16666666666666666,2.655303030303029
1707,0.7719231787869678,0.0,-1.4083333333333354
1708,0.6998257177296342,-0.8939393939393939,2.284090909090909
1709,0.00019248227417828362,0.015151515151515152,0.12727272727272726
1710,0.5817066740840762,0.0,-0.15075757575757573
1711,0.7916930624742775,0.0,-1.7296969696969715
1712,0.8916506100628157,-0.030303030303030304,2.8316666666666648
1713,0.0,0.0,0.0
1714,0.0,0.0,0.0
1715,0.0,0.0,0.0
1716,0.0,0.0,0.0
1717,0.0,0.0,0.0
1718,0.0,0.0,0.0
1719,0.0,0.0,0.0
1720,0.0,0.0,0.0
1721,0.0,0.0,0.0
1722,0.0,0.0,0.0
1723,0.0,0.0,0.0
1724,0.0,0.0,0.0
1725,0.0,0.0,0.0
1726,0.0,0.0,0.0
1727,0.0,0.0,0.0
1728,0.0,0.0,0.0
1729,0.0,0.0,0.0
1730,0.0,0.0,0.0
1731,0.0,0.0,0.0
1732,0.0,0.0,0.0
1733,0.0,0.0,0.0
1734,0.0,0.0,0.0
1735,0.0,0.0,0.0
1736,0.0,0.0,0.0
1737,0.0,0.0,0.0
1738,0.0,0.0,0.0
1739,0.0,0.0,0.0
1740,0.0,0.0,0.0
1741,0.0,0.0,0.0
1742,0.0,0.0,0.0
1743,0.0,0.0,0.0
1744,0.5536882084899694,0.015151515151515152,0.1871212121212122
1745,0.0,0.0,0.0
1746,0.0,0.0,0.0
1747,0.0,0.0,0.0
1748,0.0,0.0,0.0
1749,0.0,0.0,0.0
1750,0.0,0.0,0.0
1751,0.0,0.0,0.0
1752,0.0,0.0,0.0
1753,0.0,0.0,0.0
1754,0.0,0.0,0.0
1755,0.0,0.0,0.0
1756,0.0,0.0,0.0
1757,0.0,0.0,0.0
1758,0.0,0.0,0.0
1759,0.0,0.0,0.0
1760,0.0,0.0,0.0
1761,0.0,0.0,0.0
1762,0.0,0.0,0.0
1763,0.0,0.0,0.0
1764,0.0,0.0,0.0
1765,0.0,0.0,0.0
1766,0.0,0.0,0.0
1767,0.0,0.0,0.0
1768,0.0,0.0,0.0
1769,0.0,0.0,0.0
1770,0.0,0.0,0.0
1771,0.0,0.0,0.0
1772,0.0,0.0,0.0
1773,0.0,0.0,0.0
1774,0.0,0.0,0.0
1775,0.0,0.0,0.0
1776,0.0,0.0,0.0
1777,0.0,0.0,0.0
1778,0.0,0.0,0.0
1779,0.0,0.0,0.0
1780,0.0,0.0,0.0
1781,0.0,0.0,0.0
1782,0.0,0.0,0.0
1783,0.0,0.0,0.0
1784,0.0,0.0,0.0
1785,0.0,0.0,0.0
1786,0.0,0.0,0.0
1787,0.0,0.0,0.0
1788,0.0,0.0,0.0
1789,0.0,0.0,0.0
1790,0.0,0.0,0.0
1791,0.0,0.0,0.0
1792,0.0,0.0,0.0
1793,0.0,0.0,0.0
1794,0.0,0.0,0.0
1795,0.0,0.0,0.0
1796,0.0,0.0,0.0
1797,0.0,0.0,0.0
1798,0.0,0.0,0.0
1799,0.0,0.0,0.0
1800,0.0,0.0,0.0
1801,0.0,0.0,0.0
1802,0.0,0.0,0.0
1803,0.0,0.0,0.0
1804,0.0,0.0,0.0
1805,0.0,0.0,0.0
1806,0.0,0.0,0.0
1807,0.0,0.0,0.0
1808,0.0,0.0,0.0
1809,0.0,0.0,0.0
1810,0.0,0.0,0.0
1811,0.0,0.0,0.0
1812,0.0,0.0,0.0
1813,0.0,0.0,0.0
1814,0.0,0.0,0.0
1815,0.0,0.0,0.0
1816,0.0,0.0,0.0
1817,0.0,0.0,0.0
1818,0.0,0.0,0.0
1819,0.0,0.0,0.0
1820,0.0,0.0,0.0
1821,0.0,0.0,0.0
1822,0.0,0.0,0.0
1823,0.0,0.0,0.0
1824,0.0,0.0,0.0
1825,0.0,0.0,0.0
1826,0.0,0.0,0.0
1827,0.0,0.0,0.0
1828,0.0,0.0,0.0
1829,0.0,0.0,0.0
1830,0.0,0.0,0.0
1831,0.0,0.0,0.0
1832,0.0,0.0,0.0
1833,0.0,0.0,0.0
1834,0.0,0.0,0.0
1835,0.0,0.0,0.0
1836,0.0,0.0,0.0
1837,0.5186576607830401,-0.07575757575757576,2.1698484848484854
1838,0.6380954656189437,0.0,-0.6448484848484851
1839,0.8722415023807862,0.9242424242424242,3.463333333333335
1840,0.6099050448837326,0.7803030303030303,3.7904545454545495
1841,0.8940686125621469,0.0,-0.7057575757575764
1842,0.0,0.0,0.0
1843,0.0,0.0,0.0
1844,0.0,0.0,0.0
1845,0.0,0.0,0.0
1846,0.0,0.0,0.0
1847,0.8225570873652821,0.0,1.676060606060605
1848,0.8865197401740121,-0.015151515151515152,1.6943939393939385
1849,0.624082136116786,0.0,1.6906060606060607
1850,0.47619560612218953,0.5151515151515151,2.4239393939393925
1851,0.4955200352706745,0.3409090909090909,2.6701515151515145
1852,0.596352958836842,0.0,0.45484848484848456
1853,0.0,0.0,0.0
1854,0.0,0.0,0.0
1855,0.0,0.0,0.0
1856,0.0,0.0,0.0
1857,0.7037272603643383,0.20454545454545456,1.3780303030303018
1858,0.9007546275657515,0.0,-0.7412121212121218
1859,0.0,0.0,0.0
1860,0.0,0.0,0.0
1861,0.0,0.0,0.0
1862,0.0,0.0,0.0
1863,0.0,0.0,0.0
1864,0.0,0.0,0.0
1865,0.924785962589349,0.0,-1.7513636363636378
1866,0.0,0.0,0.0
1867,0.0,0.0,0.0
1868,0.940092821579912,0.0,-0.36848484848484836
1869,0.0,0.0,0.0
1870,0.0,0.0,0.0
1871,0.0,0.0,0.0
1872,0.0,0.0,0.0
1873,0.0,0.0,0.0
1874,0.0,0.0,0.0
1875,0.0,0.0,0.0
1876,0.0,0.0,0.0
1877,0.0,0.0,0.0
1878,0.0,0.0,0.0
1879,0.0,0.0,0.0
1880,0.0,0.0,0.0
1881,0.0,0.0,0.0
1882,0.0,0.0,0.0
1883,0.0,0.0,0.0
1884,0.0,0.0,0.0
1885,0.0,0.0,0.0
1886,0.0,0.0,0.0
1887,0.0,0.0,0.0
1888,0.0,0.0,0.0
1889,0.0,0.0,0.0
1890,0.0,0.0,0.0
1891,0.0,0.0,0.0
1892,0.0,0.0,0.0
1893,0.0,0.0,0.0
1894,0.0,0.0,0.0
1895,0.0,0.0,0.0
1896,0.0,0.0,0.0
1897,0.0,0.0,0.0
1898,0.8805395882583539,0.0,3.2625757575757572
1899,0.3863492521090796,0.36363636363636365,2.6143939393939393
1900,0.4377600566224256,0.3484848484848485,1.2207575757575757
1901,0.911374512029137,0.0,1.641818181818181
1902,0.0,0.0,0.0
1903,0.0,0.0,0.0
1904,0.0,0.0,0.0
1905,0.0,0.0,0.0
1906,0.0,0.0,0.0
1907,0.0,0.0,0.0
1908,0.0,0.0,0.0
1909,0.0,0.0,0.0
1910,0.0,0.0,0.0
1911,0.0,0.0,0.0
1912,0.9190423006791936,0.9545454545454546,3.5183333333333353
1913,0.5101150861245602,0.3939393939393939,3.424696969696967
1914,0.5391026184569506,0.6136363636363636,3.073333333333334
1915,0.4770362698611936,0.0,-0.4212121212121212
1916,0.0,0.0,0.0
1917,0.0,0.0,0.0
1918,0.0,0.0,0.0
1919,0.0,0.0,0.0
1920,0.0,0.0,0.0
1921,0.6317821170036675,0.0,-1.1543939393939402
1922,0.4830401770060395,-0.007575757575757576,2.2859090909090916
1923,0.546425361716419,-0.030303030303030304,-1.2262121212121222
1924,0.6799757726470265,0.0,-1.590757575757577
1925,0.48571191459827984,0.09090909090909091,1.153484848484846
1926,0.5140423931504453,-0.38636363636363635,2.559848484848482
1927,0.6952644580408551,-0.6818181818181818,2.068939393939394
1928,0.0,0.0,0.0
1929,0.0,0.0,0.0
1930,0.0,0.0,0.0
1931,0.0,0.0,0.0
1932,0.0,0.0,0.0
1933,0.0,0.0,0.0
1934,0.0,0.0,0.0
1935,0.0,0.0,0.0
1936,0.0,0.0,0.0
1937,0.0,0.0,0.0
1938,0.0,0.0,0.0
1939,0.0,0.0,0.0
1940,0.0,0.0,0.0
1941,0.0,0.0,0.0
1942,0.0,0.0,0.0
1943,0.0,0.0,0.0
1944,0.0,0.0,0.0
1945,0.0,0.0,0.0
1946,0.0,0.0,0.0
1947,0.0,0.0,0.0
1948,0.0,0.0,0.0
1949,0.0,0.0,0.0
1950,0.0,0.0,0.0
1951,0.0,0.0,0.0
1952,0.0,0.0,0.0
1953,0.0,0.0,0.0
1954,0.0,0.0,0.0
1955,0.0,0.0,0.0
1956,0.0,0.0,0.0
1957,0.0,0.0,0.0
1958,0.0,0.0,0.0
1959,0.0,0.0,0.0
1960,0.0,0.0,0.0
1961,0.0,0.0,0.0
1962,0.0,0.0,0.0
1963,0.0,0.0,0.0
1964,0.0,0.0,0.0
1965,0.0,0.0,0.0
1966,0.0,0.0,0.0
1967,0.0,0.0,0.0
1968,0.0,0.0,0.0
1969,0.0,0.0,0.0
1970,0.0,0.0,0.0
1971,0.0,0.0,0.0
1972,0.0,0.0,0.0
1973,0.0,0.0,0.0
1974,0.0,0.0,0.0
1975,0.0,0.0,0.0
1976,0.0,0.0,0.0
1977,0.0,0.0,0.0
1978,0.0,0.0,0.0
1979,0.0,0.0,0.0
1980,0.0,0.0,0.0
1981,0.0,0.0,0.0
1982,0.0,0.0,0.0
1983,0.0,0.0,0.0
1984,0.0,0.0,0.0
1985,0.0,0.0,0.0
1986,0.0,0.0,0.0
1987,0.0,0.0,0.0
1988,0.0,0.0,0.0
1989,0.0,0.0,0.0
1990,0.0,0.0,0.0
1991,0.0,0.0,0.0
1992,0.0,0.0,0.0
1993,0.0,0.0,0.0
1994,0.0,0.0,0.0
1995,0.0,0.0,0.0
1996,0.0,0.0,0.0
1997,0.0,0.0,0.0
1998,0.0,0.0,0.0
1999,0.0,0.0,0.0
2000,0.0,0.0,0.0
2001,0.0,0.0,0.0
2002,0.0,0.0,0.0
2003,0.0,0.0,0.0
2004,0.0,0.0,0.0
2005,0.0,0.0,0.0
2006,0.0,0.0,0.0
2007,0.0,0.0,0.0
2008,0.0,0.0,0.0
2009,0.0,0.0,0.0
2010,0.0,0.0,0.0
2011,0.0,0.0,0.0
2012,0.0,0.0,0.0
2013,0.0,0.0,0.0
2014,0.0,0.0,0.0
2015,0.0,0.0,0.0
2016,0.0,0.0,0.0
2017,0.0,0.0,0.0
2018,0.0,0.0,0.0
2019,0.0,0.0,0.0
2020,0.0,0.0,0.0
2021,0.0,0.0,0.0
2022,0.0,0.0,0.0
2023,0.0,0.0,0.0
2024,0.0,0.0,0.0
2025,0.0,0.0,0.0
2026,0.0,0.0,0.0
2027,0.0,0.0,0.0
2028,0.0,0.0,0.0
2029,0.0,0.0,0.0
2030,0.0,0.0,0.0
2031,0.0,0.0,0.0
2032,0.0,0.0,0.0
2033,0.0,0.0,0.0
2034,0.0,0.0,0.0
2035,0.0,0.0,0.0
2036,0.0,0.0,0.0
2037,0.0,0.0,0.0
2038,0.0,0.0,0.0
2039,0.0,0.0,0.0
2040,0.0,0.0,0.0
2041,0.0,0.0,0.0
2042,0.0,0.0,0.0
2043,0.0,0.0,0.0
2044,0.0,0.0,0.0
2045,0.0,0.0,0.0
2046,0.0,0.0,0.0
2047,0.0,0.0,0.0
2048,0.0,0.0,0.0
2049,0.0,0.0,0.0
2050,0.0,0.0,0.0
2051,0.0,0.0,0.0
2052,0.0,0.0,0.0
2053,0.0,0.0,0.0
2054,0.0,0.0,0.0
2055,0.0,0.0,0.0
2056,0.0,0.0,0.0
2057,0.0,0.0,0.0
2058,0.0,0.0,0.0
2059,0.0,0.0,0.0
2060,0.0,0.0,0.0
2061,0.0,0.0,0.0
2062,0.0,0.0,0.0
2063,0.0,0.0,0.0
2064,0.0,0.0,0.0
2065,0.0,0.0,0.0
2066,0.0,0.0,0.0
2067,0.0,0.0,0.0
2068,0.0,0.0,0.0
2069,0.0,0.0,0.0
2070,0.0,0.0,0.0
2071,0.0,0.0,0.0
2072,0.0,0.0,0.0
2073,0.0,0.0,0.0
2074,0.0,0.0,0.0
2075,0.0,0.0,0.0
2076,0.0,0.0,0.0
2077,0.0,0.0,0.0
2078,0.0,0.0,0.0
2079,0.0,0.0,0.0
2080,0.0,0.0,0.0
2081,0.0,0.0,0.0
2082,0.0,0.0,0.0
2083,0.0,0.0,0.0
2084,0.0,0.0,0.0
2085,0.0,0.0,0.0
2086,0.0,0.0,0.0
2087,0.0,0.0,0.0
2088,0.0,0.0,0.0
2089,0.0,0.0,0.0
2090,0.0,0.0,0.0
2091,0.0,0.0,0.0
2092,0.0,0.0,0.0
2093,0.0,0.0,0.0
2094,0.0,0.0,0.0
2095,0.0,0.0,0.0
2096,0.0,0.0,0.0
2097,0.0,0.0,0.0
2098,0.0,0.0,0.0
2099,0.0,0.0,0.0
2100,0.0,0.0,0.0
2101,0.0,0.0,0.0
2102,0.0,0.0,0.0
2103,0.0,0.0,0.0
2104,0.0,0.0,0.0
2105,0.0,0.0,0.0
2106,0.0,0.0,0.0
2107,0.0,0.0,0.0
2108,0.0,0.0,0.0
2109,0.0,0.0,0.0
2110,0.0,0.0,0.0
2111,0.0,0.0,0.0
2112,0.0,0.0,0.0
2113,0.0,0.0,0.0
2114,0.0,0.0,0.0
2115,0.0,0.0,0.0
2116,0.0,0.0,0.0
2117,0.0,0.0,0.0
2118,0.0,0.0,0.0
2119,0.0,0.0,0.0
2120,0.0,0.0,0.0
2121,0.0,0.0,0.05257575757575758
2122,0.0,0.0,0.05257575757575758
2123,0.0,0.0,-0.011515151515151515
2124,0.0,-0.015151515151515152,0.0446969696969697
2125,0.0,0.0,-0.02303030303030303
2126,0.0,-0.015151515151515152,0.024848484848484845
2127,0.0,0.0,-0.011818181818181818
2128,0.0,0.0,-0.02303030303030303
2129,0.0,0.0,0.0
2130,0.0,0.0,-0.027424242424242424
2131,0.0,0.0,0.007424242424242424
2132,0.0,0.0,0.0456060606060606
2133,0.0,0.0,0.02772727272727273
2134,0.0,0.015151515151515152,0.08166666666666667
2135,0.0009515902736386143,-0.015151515151515152,-0.04984848484848485
2136,0.0014335078926450313,0.0,-0.03333333333333333
2137,0.00119561040287392,0.0,0.08030303030303032
2138,0.0010630293721549404,0.015151515151515152,0.14166666666666666
2139,0.0009251754956656333,-0.015151515151515152,-0.03378787878787878
2140,0.0009185522941542882,0.0,0.033939393939393936
2141,0.0007776056397808129,0.007575757575757576,0.15287878787878786
2142,0.0008917372922726255,0.007575757575757576,0.10015151515151514
2143,0.000532624722419598,0.0,0.09151515151515152
2144,0.00036583285426274476,-0.015151515151515152,0.029545454545454545
2145,0.00035843935071026405,-0.015151515151515152,-0.00454545454545455
2146,0.0006682007152715416,0.015151515151515152,0.06636363636363635
2147,0.0008948277624960621,0.0,-0.0022727272727272713
2148,0.0006724146638674136,0.015151515151515152,0.033484848484848485
2149,0.0006383935463912339,0.0,-0.01287878787878788
2150,0.0011424323156219503,0.0,0.056818181818181816
2151,0.0006117517211383863,0.022727272727272728,0.16969696969696968
2152,0.000448067753542284,-0.015151515151515152,-0.01166666666666667
2153,0.0005584949525657611,0.0,-0.0346969696969697
2154,0.0008108572097785927,-0.015151515151515152,-0.030000000000000002
2155,0.0005271281408235959,0.015151515151515152,0.04272727272727272
2156,0.0006694698845744754,0.0,-0.03924242424242424
2157,0.0006701463524317073,0.022727272727272728,0.14348484848484847
2158,0.0008396675778633549,0.0,0.017575757575757574
2159,0.0007811877597504036,0.0,0.03378787878787878
2160,0.0010610829262356978,0.0,0.06969696969696969
2161,0.0005299896316654947,0.0,-0.017575757575757578
2162,0.00028348157522343234,-0.015151515151515152,0.02727272727272727
2163,0.00035731076599472176,0.015151515151515152,0.08969696969696969
2164,0.0008529563422330676,0.007575757575757576,0.17924242424242423
2165,0.0005794271351295683,-0.015151515151515152,0.06606060606060607
2166,0.0010753111093062691,0.015151515151515152,0.13530303030303029
2167,0.0009945806870575711,0.0,0.135
2168,0.000822690414740707,0.030303030303030304,0.11272727272727272
2169,0.0008014423772522956,0.0,-0.0068181818181818205
2170,0.0008057540580554997,0.030303030303030304,0.06848484848484848
2171,0.001576382770563144,0.015151515151515152,0.16484848484848486
2172,0.0010784722355118897,0.015151515151515152,0.08863636363636362
2173,0.00055352589289365,0.015151515151515152,0.13287878787878787
2174,0.0010548715240927197,0.0,0.05106060606060606
2175,0.00029856971650279253,0.0,0.007727272727272731
2176,0.0003546217334739065,0.030303030303030304,0.11424242424242423
2177,0.00030043948618657104,0.0,-0.044848484848484846
2178,0.00030043948618657104,0.0,0.006060606060606053
2179,8.088593154902196e-05,0.0,0.0003030303030303033
2180,0.0002442886283039868,-0.015151515151515152,-0.025606060606060608
2181,0.00010949318600569644,0.0,-0.027424242424242424
2182,0.00013655891737789108,0.0,-0.056969696969696976
2183,0.0,0.0,-0.007272727272727276
2184,0.0002460521033835875,0.0,-0.035454545454545454
2185,0.0,-0.015151515151515152,0.011363636363636364
2186,5.45415495833619e-05,0.007575757575757576,0.060303030303030296
2187,0.0,0.0,0.05257575757575758
2188,0.00010949318600569644,0.0,-0.0004545454545454549
2189,0.00013655891737789108,-0.015151515151515152,0.07242424242424243
2190,0.00010949318600569644,0.015151515151515152,0.08393939393939394
2191,0.0002460521033835875,0.0,-0.035454545454545454
2192,0.0,0.0,-0.023636363636363636
2193,0.00041008683897264585,0.0,0.0912121212121212
2194,0.00010949318600569644,0.015151515151515152,0.10863636363636364
2195,0.00016403473558905836,0.015151515151515152,0.13424242424242425
2196,0.00010949318600569644,0.0,0.0456060606060606
2197,0.0,-0.015151515151515152,0.011363636363636364
2198,5.45415495833619e-05,-0.015151515151515152,0.032878787878787875
2199,0.00010949318600569644,0.0,0.004090909090909091
2200,0.00016403473558905836,0.0,0.02772727272727273
2201,0.00010949318600569644,0.015151515151515152,0.08393939393939394
2202,0.00010949318600569644,0.015151515151515152,0.10939393939393939
2203,0.00013655891737789108,0.0,0.015151515151515152
2204,0.00010949318600569644,0.0,-0.043939393939393945
2205,0.0,0.015151515151515152,0.048333333333333325
2206,8.201736779452918e-05,-0.015151515151515152,0.01303030303030303
2207,0.0,0.015151515151515152,0.048333333333333325
2208,0.00016403473558905836,0.007575757575757576,0.12469696969696971
2209,0.00013655891737789108,-0.015151515151515152,0.07242424242424243
2210,5.45415495833619e-05,-0.015151515151515152,0.052121212121212124
2211,0.00010949318600569644,0.0,0.004090909090909091
2212,0.00010949318600569644,0.0,0.03439393939393939
2213,0.0,0.0,-0.03333333333333333
2214,0.0,-0.015151515151515152,0.024848484848484845
2215,0.0,-0.015151515151515152,0.0446969696969697
2216,0.0,0.0,-0.02303030303030303
2217,0.0,0.0,-0.027424242424242424
2218,0.0,0.015151515151515152,0.05621212121212121
2219,0.0,0.0,0.026060606060606062
2220,0.0,0.0,-0.011818181818181818
2221,0.0,0.0,0.02772727272727273
2222,0.0,0.0,-0.03333333333333333
2223,0.0,0.0,0.007424242424242424
2224,0.0,0.0,-0.03333333333333333
2225,0.0,0.0,-0.027424242424242424
2226,0.0,0.015151515151515152,0.05621212121212121
2227,0.0,0.015151515151515152,0.05621212121212121
2228,0.0,0.0,0.007424242424242424
2229,0.0,0.0,0.0
2230,0.0,0.0,-0.03333333333333333
2231,0.0,0.0,-0.023636363636363636
2232,0.0,0.0,0.02696969696969697
2233,0.0,0.015151515151515152,0.08166666666666667
2234,0.0,0.0,0.02772727272727273
2235,0.0,0.0,0.05257575757575758
2236,0.0,0.0,-0.027424242424242424
2237,0.0,0.0,0.007424242424242424
2238,0.0,0.0,-0.027424242424242424
2239,0.0,0.0,-0.027424242424242424
2240,0.0,0.0,-0.023636363636363636
2241,0.0,0.0,-0.011818181818181818
2242,0.0,0.0,-0.016515151515151517
2243,0.0,0.0,0.007424242424242424
2244,0.0,0.0,0.02696969696969697
2245,0.0,0.0,0.0
2246,0.0,0.0,0.05257575757575758
2247,0.0,0.0,-0.023636363636363636
2248,0.0,0.0,0.0456060606060606
2249,0.0,0.0,0.0
2250,0.0,0.015151515151515152,0.08166666666666667
2251,0.0,0.0,-0.03333333333333333
2252,0.0,0.0,0.0
2253,0.0,0.0,-0.023636363636363636
2254,0.0,0.0,0.02772727272727273
2255,0.0,0.0,0.02696969696969697
2256,0.0,0.007575757575757576,0.07212121212121211
2257,0.0,0.0,0.02696969696969697
2258,0.0,0.0,-0.016515151515151517
2259,0.0,0.0,0.02696969696969697
2260,0.0,-0.015151515151515152,0.024848484848484845
2261,0.0,-0.015151515151515152,0.0446969696969697
2262,0.0,0.015151515151515152,0.08166666666666667
2263,0.0,0.0,0.02772727272727273
2264,0.0,0.0,-0.027424242424242424
2265,0.0,0.0,-0.016515151515151517
2266,0.0,0.015151515151515152,0.05621212121212121
2267,0.0,0.0,0.0
2268,0.0,0.0,0.0
2269,0.0,0.0,-0.027424242424242424
2270,0.0,0.0,0.05257575757575758
2271,0.0,-0.015151515151515152,0.0446969696969697
2272,0.0,0.0,-0.016515151515151517
2273,0.1551458056819193,-0.015151515151515152,-0.45833333333333326
2274,0.42079969401861855,-0.20454545454545456,1.4510606060606064
2275,0.3983150668365201,-0.10606060606060606,1.913030303030303
2276,0.3448220791597283,0.05303030303030303,0.9978787878787875
2277,0.3201219149441502,-0.25,0.8753030303030305
2278,0.31107510239846137,0.13636363636363635,2.0266666666666673
2279,0.3999666524863808,0.015151515151515152,1.6433333333333326
2280,0.3252986305178673,0.16666666666666666,2.1103030303030286
2281,0.3390259493437767,-0.17424242424242425,1.1180303030303025
2282,0.32892091311538413,-0.08333333333333333,0.5430303030303023
2283,0.28668310333671465,0.0,0.5057575757575756
2284,0.3464442798399486,0.2727272727272727,1.6613636363636357
2285,0.33774277771814276,0.007575757575757576,-0.5537878787878789
2286,0.285719305525878,0.045454545454545456,0.3737878787878789
2287,0.19371955707334257,0.0,-0.18666666666666665
2288,0.17321971057893068,-0.015151515151515152,1.1916666666666664
2289,0.01907756291088011,0.030303030303030304,0.41333333333333333
2290,0.01930831081649887,0.0,0.26545454545454544
2291,0.019466367496742694,0.045454545454545456,0.4536363636363637
2292,0.020583989975549135,-0.015151515151515152,0.21242424242424243
2293,0.01709201751048375,-0.007575757575757576,0.02893939393939394
2294,0.015151872284417127,0.015151515151515152,0.17818181818181822
2295,0.012489825677127512,0.0,-0.00045454545454545834
2296,0.013027757616418409,0.0,0.09590909090909089
2297,0.013876767673984594,-0.07575757575757576,0.23196969696969696
2298,0.009733755921014874,-0.015151515151515152,0.12060606060606059
2299,0.008798938466238712,-0.022727272727272728,0.20303030303030303
2300,0.010270885320952262,0.0,0.1737878787878788
2301,0.008370315719428032,-0.007575757575757576,0.13515151515151516
2302,0.007655631716679165,-0.015151515151515152,0.07151515151515153
2303,0.005000616902869961,-0.015151515151515152,0.11818181818181817
2304,0.003861807330425368,0.015151515151515152,0.09833333333333334
2305,0.00400263638960104,0.030303030303030304,0.20833333333333334
2306,0.005230185716887453,0.0,0.14545454545454548
2307,0.004503745537699153,0.015151515151515152,0.02878787878787878
2308,0.00527587043048757,0.045454545454545456,0.10257575757575757
2309,0.004984370150640948,0.015151515151515152,0.057121212121212114
2310,0.005339856578598007,-0.007575757575757576,0.029848484848484846
2311,0.0037725340982490765,-0.015151515151515152,0.08257575757575758
2312,0.004094559018930977,0.0,0.002575757575757568
2313,0.003581027142841799,0.015151515151515152,0.11803030303030297
2314,0.002393936103888202,0.015151515151515152,0.2128787878787879
2315,0.0034135131852782337,0.015151515151515152,0.10272727272727274
2316,0.003546536333250064,0.0,0.07196969696969698
2317,0.0034667994766537616,0.007575757575757576,0.06348484848484848
2318,0.0038331613815593595,0.015151515151515152,0.07939393939393939
2319,0.003794071275687399,0.0,0.05651515151515152
2320,0.003225780862605179,0.015151515151515152,0.024848484848484835
2321,0.0029874261253615753,-0.015151515151515152,0.01696969696969696
2322,0.0034288356088205724,-0.015151515151515152,0.05166666666666666
2323,0.004019917591897191,0.007575757575757576,0.07166666666666664
2324,0.0037670075016039083,0.022727272727272728,0.19318181818181815
2325,0.0023504764315770165,0.015151515151515152,0.11863636363636362
2326,0.004186464867512866,0.03787878787878788,0.2065151515151515
2327,0.0031565664059454864,0.0,0.01742424242424241
2328,0.0037737391712383372,0.015151515151515152,0.1462121212121212
2329,0.003014866754218987,0.022727272727272728,0.08393939393939392
2330,0.003939588420791636,0.0,-0.07515151515151516
2331,0.003775237973405775,0.015151515151515152,0.032727272727272716
2332,0.0015647820927037076,0.0,0.030303030303030293
2333,0.002372572829847703,0.030303030303030304,0.21166666666666667
2334,0.0018295808901533498,0.0,-0.00242424242424243
2335,0.001788090360362199,0.0,0.015606060606060606
2336,0.0011983994457047714,0.0,0.10424242424242423
2337,0.0006665864833707933,0.015151515151515152,0.11515151515151514
2338,0.0006629801522520301,0.015151515151515152,0.1268181818181818
2339,0.000477142853263953,0.0,-0.024090909090909093
2340,0.0010809112377554227,0.015151515151515152,0.005757575757575756
2341,0.0005374093044672781,0.015151515151515152,0.008939393939393938
2342,0.00030847909468217336,0.0,0.1056060606060606
2343,5.45415495833619e-05,0.015151515151515152,0.05803030303030302
2344,0.00010949318600569644,0.015151515151515152,0.08393939393939394
2345,8.201736779452918e-05,0.0,-0.04015151515151516
2346,5.45415495833619e-05,0.0,0.05303030303030303
2347,0.00010949318600569644,0.0,-0.0004545454545454549
2348,0.0,0.0,-0.023636363636363636
2349,0.0,0.0,-0.023636363636363636
2350,0.0,0.015151515151515152,0.08166666666666667
2351,0.0,0.0,0.026060606060606062
2352,0.0,0.0,-0.027424242424242424
2353,0.0,0.0,0.05257575757575758
2354,0.0,0.0,-0.016515151515151517
2355,0.0,0.0,-0.03333333333333333
2356,0.0,-0.015151515151515152,0.024848484848484845
2357,0.0,0.0,-0.027424242424242424
2358,0.0,0.0,0.0
2359,0.0,0.0,0.0
2360,0.0,0.0,0.0
2361,0.0,0.0,0.0
2362,0.0,0.0,0.0
2363,0.0,0.0,0.0
2364,0.0,0.0,0.0
2365,0.0,0.0,0.0
2366,0.0,0.0,0.0
2367,0.0,0.0,0.0
2368,0.0,0.0,0.0
2369,0.0,0.0,0.0
2370,0.0,0.0,0.0
2371,0.0,0.0,0.0
2372,0.0,0.0,0.0
2373,0.0,0.0,0.0
2374,0.0,0.0,0.0
2375,0.0,0.0,0.0
2376,0.0,0.0,0.0
2377,0.0,0.0,0.0
2378,0.0,0.0,0.0
2379,0.0,0.0,0.0
2380,0.0,0.0,0.0
2381,0.0,0.0,0.0
2382,0.0,0.0,0.0
2383,0.0,0.0,0.0
2384,0.0,0.0,0.0
2385,0.0,0.0,0.0
2386,0.0,0.0,0.0
2387,0.0,0.0,0.0
2388,0.0,0.0,0.0
2389,0.0,0.0,0.0
2390,0.0,0.0,0.0
2391,0.0,0.0,0.0
2392,0.0,0.0,0.0
2393,0.0,0.0,0.0
2394,0.0,0.0,0.0
2395,0.0,0.0,0.0
2396,0.0,0.0,0.0
2397,0.0,0.0,0.0
2398,0.0,0.0,0.0
2399,0.0,0.0,0.0
2400,0.0,0.0,0.0
2401,0.0,0.0,0.0
2402,0.0,0.0,0.0
2403,0.0,0.0,0.0
2404,0.0,0.0,0.0
2405,0.0,0.0,0.0
2406,0.0,0.0,0.0
2407,0.0,0.0,0.0
2408,0.0,0.0,0.0
2409,0.0,0.0,0.0
2410,0.0,0.0,0.0
2411,0.0,0.0,0.0
2412,0.0,0.0,0.0
2413,0.0,0.0,0.0
2414,0.0,0.0,0.0
2415,0.0,0.0,0.0
2416,0.0,0.0,0.0
2417,0.0,0.0,0.0
2418,0.0,0.0,0.0
2419,0.0,0.0,0.0
2420,0.0,0.0,0.0
2421,0.0,0.0,0.0
2422,0.0,0.0,0.0
2423,0.0,0.0,0.0
2424,0.0,0.0,0.0
2425,0.0,0.0,0.0
2426,0.0,0.0,0.0
2427,0.0,0.0,0.0
2428,0.0,0.0,0.0
2429,0.0,0.0,0.0
2430,0.0,0.0,0.0
2431,0.0,0.0,0.0
2432,0.0,0.0,0.0
2433,0.0,0.0,0.0
2434,0.0,0.0,0.0
2435,0.0,0.0,0.0
2436,0.0,0.0,0.0
2437,0.0,0.0,0.0
2438,0.0,0.0,0.0
2439,0.0,0.0,0.0
2440,0.0,0.0,0.0
2441,0.0,0.0,0.0
2442,0.0,0.0,0.0
2443,0.0,0.0,0.0
2444,0.0,0.0,0.0
2445,0.0,0.0,0.0
2446,0.0,0.0,0.0
2447,0.0,0.0,0.0
2448,0.0,0.0,0.0
2449,0.0,0.0,0.0
2450,0.0,0.0,0.0
2451,0.0,0.0,0.0
2452,0.0,0.0,0.0
2453,0.0,0.0,0.0
2454,0.0,0.0,0.0
2455,0.0,0.0,0.0
2456,0.0,0.0,0.0
2457,0.0,0.0,0.0
2458,0.0,0.0,0.0
2459,0.0,0.0,0.0
2460,0.0,0.0,0.0
2461,0.0,0.0,0.0
2462,0.0,0.0,0.0
2463,0.0,0.0,0.0
2464,0.0,0.0,0.0
2465,0.0,0.0,0.0
2466,0.0,0.0,0.0
2467,0.0,0.0,0.0
2468,0.0,0.0,0.0
2469,0.0,0.0,0.0
2470,0.0,0.0,0.0
2471,0.0,0.0,0.0
2472,0.0,0.0,0.0
2473,0.0,0.0,0.0
2474,0.0,0.0,0.0
2475,0.0,0.0,0.0
2476,0.0,0.0,0.0
