RNABindR,structure,domain,Dmel_Seq,alignment
0.11073853210000001,146,LOTUSVASA,Y,456
0.0668715596,147,LOTUSVASA,I,457
0.053775229400000006,148,LOTUSVASA,S,458
0.0498394495,149,LOTUSVASA,V,459
0.0642110092,150,LOTUSVASA,R,460
0.0464908257,151,LOTUSVASA,E,461
0.044036697199999995,152,LOTUSVASA,E,462
0.0617798165,153,LOTUSVASA,Y,463
0.1714541284,154,LOTUSVASA,P,464
0.0694036697,155,LOTUSVASA,D,465
0.031899082599999996,156,LOTUSVASA,I,466
0.13509633029999998,157,LOTUSVASA,D,467
0.3768761468,158,LOTUSVASA,S,468
0.13083944949999998,159,LOTUSVASA,E,469
0.0765366972,160,LOTUSVASA,V,471
0.569087156,161,LOTUSVASA,R,472
0.3550917431,162,LOTUSVASA,A,473
0.22989908260000005,163,LOTUSVASA,I,474
0.32250458719999997,164,LOTUSVASA,L,475
0.1495,165,LOTUSVASA,L,478
0.515266055,166,LOTUSVASA,S,479
0.7353486239,167,LOTUSVASA,H,480
0.46733027520000003,168,LOTUSVASA,A,481
0.7053486239,169,LOTUSVASA,Q,482
0.6181192661,170,LOTUSVASA,N,483
0.5168348624,171,LOTUSVASA,G,484
0.36516513759999997,172,LOTUSVASA,I,486
0.6689357798,173,LOTUSVASA,T,487
0.32368348620000004,174,LOTUSVASA,I,488
0.38515596329999996,175,LOTUSVASA,S,489
0.3101284404,176,LOTUSVASA,S,492
0.05644036700000001,177,LOTUSVASA,I,493
0.1498165138,178,LOTUSVASA,K,494
0.18413761469999998,179,LOTUSVASA,S,530
0.1725917431,180,LOTUSVASA,E,531
0.16192660550000001,181,LOTUSVASA,Y,532
0.24718807339999999,182,LOTUSVASA,R,533
0.07100917429999999,183,LOTUSVASA,K,534
0.0454770642,184,LOTUSVASA,L,539
0.0327247706,185,LOTUSVASA,T,540
0.05277981650000002,186,LOTUSVASA,G,541
0.22937614679999999,187,LOTUSVASA,N,542
0.2117614679,188,LOTUSVASA,P,543
0.13268348619999998,189,LOTUSVASA,F,545
0.3626055046,190,LOTUSVASA,P,546
0.2634082569,191,LOTUSVASA,L,555
0.34972935780000003,192,LOTUSVASA,H,556
0.24927522940000002,193,LOTUSVASA,D,557
0.40619724770000004,194,LOTUSVASA,N,558
0.06822018349999999,195,LOTUSVASA,V,559
0.06847706419999999,196,LOTUSVASA,T,560
0.08937155960000001,197,LOTUSVASA,D,561
0.0681284404,198,LOTUSVASA,F,562
0.0420825688,199,LOTUSVASA,L,563
0.1269266055,200,LOTUSVASA,L,564
0.0640779817,201,LOTUSVASA,T,565
0.0453944954,202,LOTUSVASA,I,568
0.1211330275,203,LOTUSVASA,P,569
0.12128440369999999,204,LOTUSVASA,N,570
0.0517155963,205,LOTUSVASA,V,571
0.0791788991,206,LOTUSVASA,T,572
0.1253577982,207,LOTUSVASA,A,573
0.1726330275,208,LOTUSVASA,E,574
0.283087156,209,LOTUSVASA,C,576
0.4346009174,210,LOTUSVASA,S,577
0.5056330275,211,LOTUSVASA,E,578
0.4225642202,212,LOTUSVASA,S,580
0.37752752289999997,213,LOTUSVASA,G,581
0.33893119270000005,214,LOTUSVASA,K,582
0.2298440367000001,215,LOTUSVASA,R,583
0.1678302752,216,LOTUSVASA,I,584
0.20861467890000002,217,LOTUSVASA,F,585
0.2570688073,218,LOTUSVASA,N,586
0.1416697248,219,LOTUSVASA,L,587
0.2634633028,220,LOTUSVASA,K,588
0.0815137615,221,LOTUSVASA,A,591
0.4790366972,222,LOTUSVASA,S,592
0.5538119266,223,LOTUSVASA,L,593
0.6281284404,224,LOTUSVASA,K,594
0.0151055046,225,LOTUSVASA,N,595
0.7020504587,226,LOTUSVASA,G,596
0.6995412844,227,LOTUSVASA,H,597
0.3784587156000001,228,LOTUSVASA,L,598
0.0019495413,229,LOTUSVASA,L,599
0.6973532109999999,230,LOTUSVASA,D,600
0.6403623853,231,LOTUSVASA,M,604
0.6096880734000001,232,LOTUSVASA,V,605
0.6036926606,233,LOTUSVASA,L,606
0.7280504587000001,234,LOTUSVASA,N,607
0.7850825687999999,235,LOTUSVASA,Q,608
0.8607889907999999,236,LOTUSVASA,K,609
0.7273073394,237,LOTUSVASA,E,610
0.0315688073,402,OSK,S,1273
0.029142201800000007,403,OSK,G,1274
0.0252981651,404,OSK,T,1275
0.0249954128,405,OSK,Y,1276
0.0295550459,406,OSK,N,1277
0.031146788999999998,407,OSK,D,1278
0.0315825688,408,OSK,S,1279
0.0228211009,409,OSK,L,1280
0.038587156000000004,410,OSK,L,1281
0.0400963303,411,OSK,T,1282
0.0611788991,412,OSK,I,1283
0.083853211,413,OSK,N,1285
0.0659724771,414,OSK,S,1286
0.0495550459,415,OSK,D,1335
0.0820550459,416,OSK,Y,1336
0.044247706399999996,417,OSK,D,1337
0.0568944954,418,OSK,A,1339
0.0821284404,419,OSK,Y,1340
0.0702614679,420,OSK,L,1341
0.07128899080000001,421,OSK,L,1342
0.0810963303,422,OSK,D,1344
0.2235779817,423,OSK,F,1345
0.2796743119,424,OSK,P,1346
0.15174770640000002,425,OSK,L,1347
0.13493577980000002,426,OSK,M,1348
0.1373165138,427,OSK,G,1349
0.23131651379999998,428,OSK,D,1350
0.2670504587,429,OSK,D,1351
0.1653348624,430,OSK,F,1352
0.1926880734,431,OSK,M,1353
0.0784678899,432,OSK,L,1354
0.2036146789,433,OSK,Y,1355
0.062766055,434,OSK,L,1356
0.0718119266,435,OSK,A,1357
0.10877522939999999,436,OSK,R,1358
0.1893119266,437,OSK,M,1362
0.1939495413,438,OSK,E,1363
0.0935,439,OSK,L,1365
0.19027522940000002,440,OSK,K,1366
0.1828165138,441,OSK,C,1367
0.27755963300000003,442,OSK,R,1370
0.2087247706,443,OSK,F,1371
0.323706422,444,OSK,R,1372
0.2537155963,445,OSK,R,1373
0.181206422,446,OSK,H,1374
0.274766055,447,OSK,E,1380
0.23261009170000002,448,OSK,R,1381
0.26685321100000003,449,OSK,V,1382
0.20507798170000002,450,OSK,L,1383
0.4627247706,451,OSK,Q,1384
0.4279633028,452,OSK,S,1385
0.5764311927,453,OSK,G,1388
0.6029816514,454,OSK,L,1389
0.6848302752,455,OSK,C,1390
0.7384220183,456,OSK,V,1392
0.6569541284,457,OSK,S,1393
0.6213990826,458,OSK,G,1394
0.7361559633,459,OSK,L,1395
0.7270504587000001,460,OSK,T,1396
0.3894954128,461,OSK,I,1397
0.405059633,462,OSK,N,1398
0.3951651376,463,OSK,G,1399
0.1098669725,464,OSK,A,1400
0.10890366970000001,465,OSK,R,1401
0.4314862385,466,OSK,N,1402
0.2475045872,467,OSK,R,1403
0.042857798200000005,468,OSK,L,1404
0.23941284399999999,469,OSK,K,1408
0.1960091743,470,OSK,R,1409
0.0024816514000000002,471,OSK,V,1412
0.0405412844,472,OSK,Q,1413
0.1272110092,473,OSK,L,1414
0.38978899079999996,474,OSK,P,1415
0.17454128440000002,475,OSK,E,1416
0.1955688073,476,OSK,G,1417
0.44620183490000004,477,OSK,T,1418
0.6926055045999999,478,OSK,Q,1419
0.278793578,479,OSK,I,1420
0.33233027519999997,480,OSK,I,1421
0.2489266055,481,OSK,V,1422
0.49758715600000003,482,OSK,N,1423
0.276733945,483,OSK,I,1426
0.3615091743,484,OSK,G,1427
0.21979816510000005,485,OSK,S,1428
0.365353211,486,OSK,V,1429
0.7408761468,487,OSK,D,1430
0.20822018350000002,488,OSK,I,1431
0.4852889908,489,OSK,M,1432
0.7540045872,490,OSK,R,1494
0.3335183486,491,OSK,G,1497
0.4925642202,492,OSK,K,1498
0.284646789,493,OSK,P,1499
0.11297247710000001,494,OSK,L,1500
0.0645458716,495,OSK,V,1501
0.039876146800000005,496,OSK,Q,1502
0.0292798165,497,OSK,I,1503
0.0123944954,498,OSK,E,1504
0.0919449541,499,OSK,H,1505
0.1098440367,500,OSK,D,1506
0.0784449541,501,OSK,F,1507
0.112412844,502,OSK,R,1508
0.1052110092,503,OSK,L,1509
0.035146789,504,OSK,L,1510
0.007940367,505,OSK,I,1511
0.071912844,506,OSK,K,1512
0.0427018349,507,OSK,E,1513
0.0228486239,508,OSK,M,1514
0.0729770642,509,OSK,H,1515
0.0235412844,510,OSK,N,1516
0.1306788991,511,OSK,M,1517
0.1660045872,512,OSK,R,1522
0.0358302752,513,OSK,L,1523
0.17458256879999998,514,OSK,V,1524
0.13004128439999998,515,OSK,P,1525
0.2041192661,516,OSK,I,1526
0.0906834862,517,OSK,L,1545
0.3843440367,518,OSK,T,1546
0.5807385321,519,OSK,N,1547
0.34530275229999996,520,OSK,L,1548
0.5884862385,521,OSK,A,1549
0.6852155963,522,OSK,P,1550
0.4711422018,523,OSK,L,1551
0.3148027523,524,OSK,G,1553
0.6016376147,525,OSK,N,1554
0.3075183486,526,OSK,Y,1555
0.3095137615,527,OSK,C,1556
0.2847568807,528,OSK,H,1572
0.20208715600000002,529,OSK,D,1573
0.22174311929999999,530,OSK,K,1574
0.27478899079999997,531,OSK,V,1575
0.26121559629999996,532,OSK,L,1578
0.22939449539999998,533,OSK,C,1579
0.2388211009,534,OSK,D,1580
0.2801238532,535,OSK,K,1581
0.24115596329999997,536,OSK,I,1582
0.3476513761,537,OSK,Y,1583
0.5768302752000001,538,OSK,R,1584
0.3178348624,539,OSK,F,1585
0.4667477064,540,OSK,N,1598
0.5326009174,541,OSK,K,1599
0.4582981651,542,OSK,F,1603
0.1600688073,543,OSK,I,1604
0.4330825688,544,OSK,R,1605
0.3038256881,545,OSK,S,1606
0.0774174312,546,OSK,E,1607
0.147587156,547,OSK,C,1608
0.1642889908,548,OSK,C,1637
0.1561055046,549,OSK,H,1638
0.0892706422,550,OSK,L,1670
0.2649633028,551,OSK,K,1671
0.186412844,552,OSK,V,1672
0.224940367,553,OSK,I,1673
0.3982431193,554,OSK,D,1674
0.0897247706,555,OSK,I,1678
0.5191834862,556,OSK,H,1679
0.2934587156,557,OSK,S,1680
0.2129954128,558,OSK,C,1681
0.06550458719999999,559,OSK,L,1682
0.1709266055,560,OSK,I,1683
0.21628440370000002,561,OSK,N,1695
0.057958715599999995,562,OSK,E,1698
0.09689449539999999,563,OSK,R,1699
0.16622477060000002,564,OSK,G,1700
0.09821559630000001,565,OSK,V,1704
0.0401697248,566,OSK,V,1705
0.0947981651,567,OSK,R,1706
0.1712293578,568,OSK,F,1707
0.17961467890000002,569,OSK,D,1708
0.0593348624,570,OSK,C,1710
0.122646789,571,OSK,F,1711
0.17607339449999998,572,OSK,Q,1712
0.11113761470000001,573,OSK,A,1744
0.21902293579999998,574,OSK,S,1837
0.1672018349,575,OSK,P,1838
0.4883073394,576,OSK,R,1839
0.392087156,577,OSK,Q,1840
0.1793256881,578,OSK,V,1841
0.3912018349000001,579,OSK,T,1847
0.42876146789999997,580,OSK,G,1848
0.4928302752000001,581,OSK,S,1849
0.4600917431,582,OSK,K,1850
0.6369954128,583,OSK,E,1851
0.557353211,584,OSK,P,1852
0.6805,585,OSK,Y,1857
0.6044174312,586,OSK,L,1858
0.2543302752,587,OSK,F,1865
0.7774678898999999,588,OSK,W,1868
0.7794036697,589,OSK,N,1898
0.7624862385,590,OSK,K,1899
0.6363394495,591,OSK,I,1900
0.6006926606,592,OSK,G,1901
0.7761422018,593,OSK,R,1912
0.7367798165,594,OSK,Q,1913
0.6217798165,595,OSK,R,1914
0.062045871600000004,596,OSK,V,1915
0.146940367,597,OSK,L,1921
0.429266055,598,OSK,Q,1922
0.1152798165,599,OSK,V,1923
0.0780779817,600,OSK,I,1924
0.089853211,601,OSK,E,1925
0.2631330275,602,OSK,T,1926
0.20912385320000001,603,OSK,S,1927
0.059298165099999994,604,OSK,L,2273
0.1034220183,605,OSK,E,2274
0.1353807339,606,OSK,Y,2275
